yearmonth,brand,working_day,estimated_down_line,estimated_rate,estimated_upper_line,comment_1,comment_2,comment_3
202506,Aprovel,1,7.5860,8.7119,9.8379,placeholder,CV&T,
202506,Aprovel,2,12.4644,13.6813,14.8982,placeholder,CV&T,
202506,Aprovel,3,16.8761,18.3126,19.7490,placeholder,CV&T,
202506,Aprovel,4,21.3093,22.8903,24.4714,placeholder,CV&T,
202506,Aprovel,5,25.7720,27.5482,29.3243,placeholder,CV&T,
202506,Aprovel,6,30.2604,32.3162,34.3721,placeholder,CV&T,
202506,Aprovel,7,34.7535,37.1620,39.5704,placeholder,CV&T,
202506,Aprovel,8,39.2263,42.0234,44.8206,placeholder,CV&T,
202506,Aprovel,9,43.6708,46.8362,50.0017,placeholder,CV&T,
202506,Aprovel,10,48.0973,51.5531,55.0089,placeholder,CV&T,
202506,Aprovel,11,52.5225,56.1567,59.7908,placeholder,CV&T,
202506,Aprovel,12,56.9580,60.6654,64.3727,placeholder,CV&T,
202506,Aprovel,13,61.4087,65.1323,68.8558,placeholder,CV&T,
202506,Aprovel,14,65.8909,69.6368,73.3828,placeholder,CV&T,
202506,Aprovel,15,70.4703,74.2701,78.0699,placeholder,CV&T,
202506,Aprovel,16,75.2865,79.1125,82.9386,placeholder,CV&T,
202506,Aprovel,17,80.5238,84.2052,87.8865,placeholder,CV&T,
202506,Aprovel,18,86.3421,89.5137,92.6853,placeholder,CV&T,
202506,Aprovel,19,91.7139,94.8855,98.0571,placeholder,CV&T,
202506,Aprovel,20,96.8284,100.0000,103.1716,placeholder,CV&T,
202506,CoAprovel,1,6.6112,8.5321,10.4530,placeholder,CV&T,
202506,CoAprovel,2,11.0765,13.6175,16.1584,placeholder,CV&T,
202506,CoAprovel,3,15.8857,18.5200,21.1543,placeholder,CV&T,
202506,CoAprovel,4,20.9993,23.4237,25.8482,placeholder,CV&T,
202506,CoAprovel,5,26.1614,28.4059,30.6505,placeholder,CV&T,
202506,CoAprovel,6,31.1481,33.4713,35.7946,placeholder,CV&T,
202506,CoAprovel,7,35.9199,38.5813,41.2427,placeholder,CV&T,
202506,CoAprovel,8,40.5665,43.6779,46.7893,placeholder,CV&T,
202506,CoAprovel,9,45.1626,48.7034,52.2443,placeholder,CV&T,
202506,CoAprovel,10,49.7399,53.6140,57.4882,placeholder,CV&T,
202506,CoAprovel,11,54.3075,58.3892,62.4709,placeholder,CV&T,
202506,CoAprovel,12,58.8660,63.0356,67.2052,placeholder,CV&T,
202506,CoAprovel,13,63.4170,67.5864,71.7558,placeholder,CV&T,
202506,CoAprovel,14,67.9736,72.0950,76.2164,placeholder,CV&T,
202506,CoAprovel,15,72.5779,76.6242,80.6705,placeholder,CV&T,
202506,CoAprovel,16,77.3146,81.2304,85.1462,placeholder,CV&T,
202506,CoAprovel,17,82.3059,85.9421,89.5783,placeholder,CV&T,
202506,CoAprovel,18,87.6826,90.7343,93.7860,placeholder,CV&T,
202506,CoAprovel,19,92.4454,95.4971,98.5489,placeholder,CV&T,
202506,CoAprovel,20,96.9483,100.0000,103.0517,placeholder,CV&T,
202506,CoPlavix,1,6.1285,8.9717,11.8150,placeholder,CV&T,
202506,CoPlavix,2,9.7226,12.7457,15.7689,placeholder,CV&T,
202506,CoPlavix,3,14.0065,17.0207,20.0349,placeholder,CV&T,
202506,CoPlavix,4,18.4258,21.4618,24.4979,placeholder,CV&T,
202506,CoPlavix,5,22.7584,25.8897,29.0211,placeholder,CV&T,
202506,CoPlavix,6,27.0264,30.2356,33.4447,placeholder,CV&T,
202506,CoPlavix,7,31.2885,34.5029,37.7172,placeholder,CV&T,
202506,CoPlavix,8,35.5709,38.7355,41.9001,placeholder,CV&T,
202506,CoPlavix,9,39.8791,42.9926,46.1061,placeholder,CV&T,
202506,CoPlavix,10,44.2203,47.3298,50.4393,placeholder,CV&T,
202506,CoPlavix,11,48.6106,51.7870,54.9634,placeholder,CV&T,
202506,CoPlavix,12,53.0619,56.3826,59.7034,placeholder,CV&T,
202506,CoPlavix,13,57.5705,61.1147,64.6589,placeholder,CV&T,
202506,CoPlavix,14,62.1254,65.9679,69.8104,placeholder,CV&T,
202506,CoPlavix,15,66.7408,70.9279,75.1150,placeholder,CV&T,
202506,CoPlavix,16,71.5016,76.0013,80.5010,placeholder,CV&T,
202506,CoPlavix,17,76.6240,81.2431,85.8622,placeholder,CV&T,
202506,CoPlavix,18,82.5339,86.7899,91.0460,placeholder,CV&T,
202506,CoPlavix,19,88.6440,92.9000,97.1561,placeholder,CV&T,
202506,CoPlavix,20,95.7439,100.0000,104.2561,placeholder,CV&T,
202506,Plavix,1,6.4593,7.5718,8.6842,placeholder,CV&T,
202506,Plavix,2,11.3792,13.0858,14.7924,placeholder,CV&T,
202506,Plavix,3,15.7558,17.9210,20.0863,placeholder,CV&T,
202506,Plavix,4,19.8349,22.3885,24.9421,placeholder,CV&T,
202506,Plavix,5,23.7340,26.6881,29.6421,placeholder,CV&T,
202506,Plavix,6,27.5454,30.9348,34.3241,placeholder,CV&T,
202506,Plavix,7,31.3261,35.1820,39.0378,placeholder,CV&T,
202506,Plavix,8,35.1052,39.4425,43.7798,placeholder,CV&T,
202506,Plavix,9,38.8974,43.7068,48.5162,placeholder,CV&T,
202506,Plavix,10,42.7116,47.9585,53.2054,placeholder,CV&T,
202506,Plavix,11,46.5554,52.1878,57.8202,placeholder,CV&T,
202506,Plavix,12,50.4403,56.4020,62.3636,placeholder,CV&T,
202506,Plavix,13,54.3943,60.6331,66.8720,placeholder,CV&T,
202506,Plavix,14,58.4822,64.9440,71.4058,placeholder,CV&T,
202506,Plavix,15,62.8332,69.4305,76.0279,placeholder,CV&T,
202506,Plavix,16,67.6656,74.2221,80.7787,placeholder,CV&T,
202506,Plavix,17,73.3029,79.4794,85.6560,placeholder,CV&T,
202506,Plavix,18,80.1798,85.3894,90.5991,placeholder,CV&T,
202506,Plavix,19,86.9484,92.1581,97.3677,placeholder,CV&T,
202506,Plavix,20,94.7903,100.0000,105.2097,placeholder,CV&T,
202506,Rezurock,1,4.7835,6.8969,9.0103,placeholder,CV&T,
202506,Rezurock,2,8.9583,12.0614,15.1645,placeholder,CV&T,
202506,Rezurock,3,13.3809,16.9127,20.4444,placeholder,CV&T,
202506,Rezurock,4,18.0747,21.8703,25.6659,placeholder,CV&T,
202506,Rezurock,5,22.8931,27.1139,31.3347,placeholder,CV&T,
202506,Rezurock,6,27.8799,32.6554,37.4309,placeholder,CV&T,
202506,Rezurock,7,33.0169,38.4015,43.7860,placeholder,CV&T,
202506,Rezurock,8,38.1989,44.2058,50.2127,placeholder,CV&T,
202506,Rezurock,9,43.3286,49.9118,56.4950,placeholder,CV&T,
202506,Rezurock,10,48.3639,55.3856,62.4074,placeholder,CV&T,
202506,Rezurock,11,53.3062,60.5384,67.7706,placeholder,CV&T,
202506,Rezurock,12,58.1750,65.3397,72.5044,placeholder,CV&T,
202506,Rezurock,13,62.9920,69.8204,76.6489,placeholder,CV&T,
202506,Rezurock,14,67.7796,74.0661,80.3526,placeholder,CV&T,
202506,Rezurock,15,72.5685,78.2002,83.8319,placeholder,CV&T,
202506,Rezurock,16,77.4040,82.3576,87.3112,placeholder,CV&T,
202506,Rezurock,17,82.3541,86.6480,90.9419,placeholder,CV&T,
202506,Rezurock,18,87.5450,91.1101,94.6751,placeholder,CV&T,
202506,Rezurock,19,92.0898,95.6549,99.2199,placeholder,CV&T,
202506,Rezurock,20,96.4349,100.0000,103.5651,placeholder,CV&T,
202506,Thymoglobuline,1,4.0333,5.9893,7.9453,placeholder,CV&T,
202506,Thymoglobuline,2,7.2342,10.3016,13.3689,placeholder,CV&T,
202506,Thymoglobuline,3,9.8234,13.3989,16.9744,placeholder,CV&T,
202506,Thymoglobuline,4,12.6013,16.5125,20.4236,placeholder,CV&T,
202506,Thymoglobuline,5,15.8019,20.2640,24.7261,placeholder,CV&T,
202506,Thymoglobuline,6,19.7570,24.8354,29.9137,placeholder,CV&T,
202506,Thymoglobuline,7,24.4265,30.1167,35.8069,placeholder,CV&T,
202506,Thymoglobuline,8,29.4497,35.8331,42.2166,placeholder,CV&T,
202506,Thymoglobuline,9,34.4382,41.6498,48.8614,placeholder,CV&T,
202506,Thymoglobuline,10,39.1607,47.2555,55.3503,placeholder,CV&T,
202506,Thymoglobuline,11,43.5514,52.4249,61.2983,placeholder,CV&T,
202506,Thymoglobuline,12,47.6525,57.0590,66.4655,placeholder,CV&T,
202506,Thymoglobuline,13,51.5787,61.2045,70.8302,placeholder,CV&T,
202506,Thymoglobuline,14,55.5115,65.0511,74.5908,placeholder,CV&T,
202506,Thymoglobuline,15,59.7102,68.9082,78.1062,placeholder,CV&T,
202506,Thymoglobuline,16,64.5271,73.1587,81.7903,placeholder,CV&T,
202506,Thymoglobuline,17,70.4088,78.1929,85.9771,placeholder,CV&T,
202506,Thymoglobuline,18,77.8683,84.3198,90.7712,placeholder,CV&T,
202506,Thymoglobuline,19,85.2055,91.6570,98.1085,placeholder,CV&T,
202506,Thymoglobuline,20,93.5485,100.0000,106.4515,placeholder,CV&T,
202506,Lantus,1,7.8064,9.3715,10.9366,placeholder,DBU,
202506,Lantus,2,12.9845,14.8483,16.7120,placeholder,DBU,
202506,Lantus,3,17.4574,19.7977,22.1381,placeholder,DBU,
202506,Lantus,4,21.8283,24.5603,27.2923,placeholder,DBU,
202506,Lantus,5,26.2480,29.3058,32.3637,placeholder,DBU,
202506,Lantus,6,30.7367,34.0884,37.4401,placeholder,DBU,
202506,Lantus,7,35.2609,38.8924,42.5238,placeholder,DBU,
202506,Lantus,8,39.7745,43.6704,47.5664,placeholder,DBU,
202506,Lantus,9,44.2414,48.3729,52.5044,placeholder,DBU,
202506,Lantus,10,48.6449,52.9690,57.2932,placeholder,DBU,
202506,Lantus,11,52.9909,57.4594,61.9279,placeholder,DBU,
202506,Lantus,12,57.3128,61.8806,66.4483,placeholder,DBU,
202506,Lantus,13,61.6775,66.3008,70.9242,placeholder,DBU,
202506,Lantus,14,66.1864,70.8078,75.4292,placeholder,DBU,
202506,Lantus,15,70.9632,75.4876,80.0120,placeholder,DBU,
202506,Lantus,16,76.1208,80.3956,84.6703,placeholder,DBU,
202506,Lantus,17,81.7139,85.5187,89.3236,placeholder,DBU,
202506,Lantus,18,87.6892,90.7298,93.7704,placeholder,DBU,
202506,Lantus,19,92.6921,95.7327,98.7733,placeholder,DBU,
202506,Lantus,20,96.9594,100.0000,103.0406,placeholder,DBU,
202506,Soliqua,1,3.0522,4.0447,5.0372,placeholder,DBU,
202506,Soliqua,2,4.2605,6.3406,8.4207,placeholder,DBU,
202506,Soliqua,3,6.9478,9.6756,12.4035,placeholder,DBU,
202506,Soliqua,4,10.2892,13.4610,16.6329,placeholder,DBU,
202506,Soliqua,5,13.7719,17.3520,20.9322,placeholder,DBU,
202506,Soliqua,6,17.2294,21.1874,25.1453,placeholder,DBU,
202506,Soliqua,7,20.6229,24.9361,29.2493,placeholder,DBU,
202506,Soliqua,8,23.9678,28.6519,33.3361,placeholder,DBU,
202506,Soliqua,9,27.3378,32.4356,37.5333,placeholder,DBU,
202506,Soliqua,10,30.8645,36.4037,41.9430,placeholder,DBU,
202506,Soliqua,11,34.7047,40.6663,46.6280,placeholder,DBU,
202506,Soliqua,12,38.9976,45.3110,51.6245,placeholder,DBU,
202506,Soliqua,13,43.8357,50.3952,56.9548,placeholder,DBU,
202506,Soliqua,14,49.2617,55.9455,62.6293,placeholder,DBU,
202506,Soliqua,15,55.2892,61.9646,68.6400,placeholder,DBU,
202506,Soliqua,16,61.9460,68.4464,74.9467,placeholder,DBU,
202506,Soliqua,17,69.3377,75.3973,81.4570,placeholder,DBU,
202506,Soliqua,18,77.7315,82.8667,88.0019,placeholder,DBU,
202506,Soliqua,19,85.8481,90.9833,96.1185,placeholder,DBU,
202506,Soliqua,20,94.8648,100.0000,105.1352,placeholder,DBU,
202506,Toujeo,1,5.0714,6.1559,7.2404,placeholder,DBU,
202506,Toujeo,2,7.9535,9.7333,11.5130,placeholder,DBU,
202506,Toujeo,3,11.2954,13.5515,15.8076,placeholder,DBU,
202506,Toujeo,4,14.8400,17.4469,20.0538,placeholder,DBU,
202506,Toujeo,5,18.3736,21.3355,24.2974,placeholder,DBU,
202506,Toujeo,6,21.8215,25.1877,28.5540,placeholder,DBU,
202506,Toujeo,7,25.1884,29.0076,32.8268,placeholder,DBU,
202506,Toujeo,8,28.5178,32.8168,37.1159,placeholder,DBU,
202506,Toujeo,9,31.8683,36.6438,41.4192,placeholder,DBU,
202506,Toujeo,10,35.2993,40.5170,45.7347,placeholder,DBU,
202506,Toujeo,11,38.8596,44.4643,50.0689,placeholder,DBU,
202506,Toujeo,12,42.5853,48.5155,54.4456,placeholder,DBU,
202506,Toujeo,13,46.5086,52.7110,58.9135,placeholder,DBU,
202506,Toujeo,14,50.6830,57.1151,63.5473,placeholder,DBU,
202506,Toujeo,15,55.2255,61.8333,68.4411,placeholder,DBU,
202506,Toujeo,16,60.3754,67.0353,73.6952,placeholder,DBU,
202506,Toujeo,17,66.5616,72.9826,79.4036,placeholder,DBU,
202506,Toujeo,18,74.4734,80.0608,85.6482,placeholder,DBU,
202506,Toujeo,19,83.2292,88.8166,94.4039,placeholder,DBU,
202506,Toujeo,20,94.4126,100.0000,105.5874,placeholder,DBU,
202506,Beyfortus,1,0.5837,5.0192,9.4547,placeholder,Others_Vaccine,
202506,Beyfortus,2,0.0000,12.3671,24.8923,placeholder,Others_Vaccine,
202506,Beyfortus,3,0.0000,7.4166,21.6109,placeholder,Others_Vaccine,
202506,Beyfortus,4,0.0000,0.0000,35.8128,placeholder,Others_Vaccine,
202506,Beyfortus,5,0.0000,0.0000,53.8783,placeholder,Others_Vaccine,
202506,Beyfortus,6,0.0000,0.0000,61.2136,placeholder,Others_Vaccine,
202506,Beyfortus,7,0.0000,0.0000,57.6070,placeholder,Others_Vaccine,
202506,Beyfortus,8,0.0000,3.8596,50.1282,placeholder,Others_Vaccine,
202506,Beyfortus,9,0.0000,11.2155,43.5314,placeholder,Others_Vaccine,
202506,Beyfortus,10,0.0000,17.9145,40.1613,placeholder,Others_Vaccine,
202506,Beyfortus,11,1.9793,22.8557,43.7322,placeholder,Others_Vaccine,
202506,Beyfortus,12,2.1861,25.7442,49.3023,placeholder,Others_Vaccine,
202506,Beyfortus,13,2.2279,27.1589,52.0898,placeholder,Others_Vaccine,
202506,Beyfortus,14,3.7189,28.4484,53.1779,placeholder,Others_Vaccine,
202506,Beyfortus,15,6.9528,31.4535,55.9543,placeholder,Others_Vaccine,
202506,Beyfortus,16,13.3699,38.0583,62.7467,placeholder,Others_Vaccine,
202506,Beyfortus,17,25.3671,49.5676,73.7680,placeholder,Others_Vaccine,
202506,Beyfortus,18,44.3371,65.9131,87.4891,placeholder,Others_Vaccine,
202506,Beyfortus,19,63.1105,84.6865,106.2624,placeholder,Others_Vaccine,
202506,Beyfortus,20,78.4240,100.0000,121.5760,placeholder,Others_Vaccine,
202506,Allstar,1,0.0000,0.0000,0.0000,placeholder,Others,
202506,Allstar,2,0.0000,0.0000,0.0000,placeholder,Others,
202506,Allstar,3,0.0000,0.0000,0.0000,placeholder,Others,
202506,Allstar,4,0.0000,0.0000,0.0000,placeholder,Others,
202506,Allstar,5,0.0000,0.0000,0.0000,placeholder,Others,
202506,Allstar,6,0.0000,0.0000,0.0000,placeholder,Others,
202506,Allstar,7,0.0000,0.0000,0.0000,placeholder,Others,
202506,Allstar,8,0.0000,0.0000,0.0000,placeholder,Others,
202506,Allstar,9,0.0000,0.0000,0.0000,placeholder,Others,
202506,Allstar,10,0.0000,0.0000,0.0000,placeholder,Others,
202506,Allstar,11,0.0000,0.0000,0.0000,placeholder,Others,
202506,Allstar,12,0.0000,0.0000,0.0000,placeholder,Others,
202506,Allstar,13,0.0000,0.0000,0.0000,placeholder,Others,
202506,Allstar,14,0.0000,0.0000,0.0000,placeholder,Others,
202506,Allstar,15,0.0000,0.0000,0.0000,placeholder,Others,
202506,Allstar,16,0.0000,0.0000,0.0000,placeholder,Others,
202506,Allstar,17,0.0000,0.0000,0.0000,placeholder,Others,
202506,Allstar,18,0.0000,0.0000,0.0000,placeholder,Others,
202506,Allstar,19,0.0000,0.0000,0.0000,placeholder,Others,
202506,Allstar,20,0.0000,0.0000,0.0000,placeholder,Others,
202506,Aprovel,1,4.7500,6.5148,8.2797,placeholder,Others,
202506,Aprovel,2,7.4983,11.9283,16.3583,placeholder,Others,
202506,Aprovel,3,11.9216,18.4141,24.9066,placeholder,Others,
202506,Aprovel,4,17.5539,25.1823,32.8107,placeholder,Others,
202506,Aprovel,5,23.9609,31.7652,39.5694,placeholder,Others,
202506,Aprovel,6,30.6833,37.9343,45.1853,placeholder,Others,
202506,Aprovel,7,37.1172,43.6285,50.1399,placeholder,Others,
202506,Aprovel,8,42.6344,48.8922,55.1499,placeholder,Others,
202506,Aprovel,9,47.0823,53.8239,60.5655,placeholder,Others,
202506,Aprovel,10,50.9799,58.5363,66.0927,placeholder,Others,
202506,Aprovel,11,54.9353,63.1258,71.3163,placeholder,Others,
202506,Aprovel,12,59.2635,67.6532,76.0430,placeholder,Others,
202506,Aprovel,13,63.9793,72.1353,80.2912,placeholder,Others,
202506,Aprovel,14,68.8921,76.5458,84.1996,placeholder,Others,
202506,Aprovel,15,73.7396,80.8285,87.9175,placeholder,Others,
202506,Aprovel,16,78.3433,84.9196,91.4960,placeholder,Others,
202506,Aprovel,17,82.7251,88.7813,94.8375,placeholder,Others,
202506,Aprovel,18,87.1859,92.4458,97.7056,placeholder,Others,
202506,Aprovel,19,90.8099,96.0698,101.3297,placeholder,Others,
202506,Aprovel,20,94.7401,100.0000,105.2599,placeholder,Others,
202506,CoAprovel,1,5.0117,7.4608,9.9098,placeholder,Others,
202506,CoAprovel,2,6.7084,11.4901,16.2718,placeholder,Others,
202506,CoAprovel,3,9.9825,16.4848,22.9871,placeholder,Others,
202506,CoAprovel,4,15.0174,22.1195,29.2216,placeholder,Others,
202506,CoAprovel,5,21.0767,28.0984,35.1202,placeholder,Others,
202506,CoAprovel,6,27.6667,34.1699,40.6731,placeholder,Others,
202506,CoAprovel,7,34.4460,40.1365,45.8269,placeholder,Others,
202506,CoAprovel,8,41.1435,45.8607,50.5780,placeholder,Others,
202506,CoAprovel,9,47.5199,51.2670,55.0142,placeholder,Others,
202506,CoAprovel,10,53.3449,56.3387,59.3326,placeholder,Others,
202506,CoAprovel,11,58.4240,61.1110,63.7980,placeholder,Others,
202506,CoAprovel,12,62.7949,65.6595,68.5241,placeholder,Others,
202506,CoAprovel,13,66.8031,70.0847,73.3662,placeholder,Others,
202506,CoAprovel,14,70.8280,74.4917,78.1555,placeholder,Others,
202506,CoAprovel,15,75.1381,78.9662,82.7943,placeholder,Others,
202506,CoAprovel,16,79.8744,83.5455,87.2167,placeholder,Others,
202506,CoAprovel,17,85.0114,88.1857,91.3600,placeholder,Others,
202506,CoAprovel,18,90.3187,92.7243,95.1299,placeholder,Others,
202506,CoAprovel,19,94.4330,96.8386,99.2443,placeholder,Others,
202506,CoAprovel,20,97.5944,100.0000,102.4056,placeholder,Others,
202506,CoPlavix,1,3.5593,6.4705,9.3816,placeholder,Others,
202506,CoPlavix,2,1.6513,6.7307,11.8101,placeholder,Others,
202506,CoPlavix,3,5.2230,10.3377,15.4523,placeholder,Others,
202506,CoPlavix,4,10.8415,15.4373,20.0330,placeholder,Others,
202506,CoPlavix,5,16.4845,20.9193,25.3541,placeholder,Others,
202506,CoPlavix,6,21.5935,26.2204,30.8473,placeholder,Others,
202506,CoPlavix,7,26.0496,31.1529,36.2563,placeholder,Others,
202506,CoPlavix,8,29.8568,35.7616,41.6664,placeholder,Others,
202506,CoPlavix,9,33.3218,40.2057,47.0895,placeholder,Others,
202506,CoPlavix,10,36.9407,44.6686,52.3966,placeholder,Others,
202506,CoPlavix,11,41.1280,49.2940,57.4600,placeholder,Others,
202506,CoPlavix,12,46.0651,54.1483,62.2316,placeholder,Others,
202506,CoPlavix,13,51.6710,59.2103,66.7496,placeholder,Others,
202506,CoPlavix,14,57.6449,64.3870,71.1291,placeholder,Others,
202506,CoPlavix,15,63.5443,69.5567,75.5691,placeholder,Others,
202506,CoPlavix,16,68.9237,74.6380,80.3523,placeholder,Others,
202506,CoPlavix,17,73.7113,79.6863,85.6612,placeholder,Others,
202506,CoPlavix,18,78.7757,85.0162,91.2567,placeholder,Others,
202506,CoPlavix,19,85.1108,91.3513,97.5918,placeholder,Others,
202506,CoPlavix,20,93.7595,100.0000,106.2405,placeholder,Others,
202506,Fasturtec,1,1.2996,3.8782,6.4567,placeholder,Others,
202506,Fasturtec,2,2.0350,6.2146,10.3941,placeholder,Others,
202506,Fasturtec,3,6.7211,12.1092,17.4973,placeholder,Others,
202506,Fasturtec,4,10.8548,19.3415,27.8282,placeholder,Others,
202506,Fasturtec,5,15.3636,26.6390,37.9144,placeholder,Others,
202506,Fasturtec,6,20.7636,33.4133,46.0630,placeholder,Others,
202506,Fasturtec,7,26.9479,39.5325,52.1171,placeholder,Others,
202506,Fasturtec,8,33.5817,45.1305,56.6794,placeholder,Others,
202506,Fasturtec,9,40.3005,50.4522,60.6040,placeholder,Others,
202506,Fasturtec,10,46.8440,55.7357,64.6275,placeholder,Others,
202506,Fasturtec,11,53.1056,61.1305,69.1554,placeholder,Others,
202506,Fasturtec,12,59.0475,66.6523,74.2570,placeholder,Others,
202506,Fasturtec,13,64.6002,72.1746,79.7491,placeholder,Others,
202506,Fasturtec,14,69.7338,77.4564,85.1790,placeholder,Others,
202506,Fasturtec,15,74.5653,82.2062,89.8470,placeholder,Others,
202506,Fasturtec,16,79.2860,86.1828,93.0796,placeholder,Others,
202506,Fasturtec,17,83.9645,89.3327,94.7008,placeholder,Others,
202506,Fasturtec,18,88.3396,91.9634,95.5872,placeholder,Others,
202506,Fasturtec,19,91.3299,94.9537,98.5775,placeholder,Others,
202506,Fasturtec,20,96.3762,100.0000,103.6238,placeholder,Others,
202506,Imovane,1,0.0000,39.8931,252.6538,placeholder,Others,
202506,Imovane,2,0.0000,40.1654,226.0512,placeholder,Others,
202506,Imovane,3,0.0000,44.7644,177.5380,placeholder,Others,
202506,Imovane,4,0.0000,50.7544,132.4973,placeholder,Others,
202506,Imovane,5,5.2112,56.6154,108.0197,placeholder,Others,
202506,Imovane,6,15.4734,61.7989,108.1243,placeholder,Others,
202506,Imovane,7,16.5308,66.3516,116.1723,placeholder,Others,
202506,Imovane,8,18.0297,70.6070,123.1843,placeholder,Others,
202506,Imovane,9,19.2898,74.9439,130.5979,placeholder,Others,
202506,Imovane,10,19.5301,79.6125,139.6950,placeholder,Others,
202506,Imovane,11,20.1122,84.6288,149.1454,placeholder,Others,
202506,Imovane,12,22.1150,89.7351,157.3552,placeholder,Others,
202506,Imovane,13,24.8284,94.4297,164.0309,placeholder,Others,
202506,Imovane,14,26.6693,98.0626,169.4559,placeholder,Others,
202506,Imovane,15,27.0554,100.0000,172.9446,placeholder,Others,
202506,Imovane,16,26.8372,99.8555,172.8737,placeholder,Others,
202506,Imovane,17,26.5969,97.7889,168.9809,placeholder,Others,
202506,Imovane,18,25.4539,94.8732,164.2924,placeholder,Others,
202506,Imovane,19,24.1090,93.5282,162.9475,placeholder,Others,
202506,Imovane,20,28.6032,98.0224,167.4417,placeholder,Others,
202506,Lantus,1,5.3329,6.7444,8.1560,placeholder,Others,
202506,Lantus,2,9.0437,11.5939,14.1442,placeholder,Others,
202506,Lantus,3,13.1832,16.5203,19.8574,placeholder,Others,
202506,Lantus,4,17.7059,21.5027,25.2995,placeholder,Others,
202506,Lantus,5,22.5014,26.5155,30.5296,placeholder,Others,
202506,Lantus,6,27.4858,31.5353,35.5847,placeholder,Others,
202506,Lantus,7,32.5788,36.5458,40.5127,placeholder,Others,
202506,Lantus,8,37.7048,41.5410,45.3772,placeholder,Others,
202506,Lantus,9,42.8068,46.5261,50.2454,placeholder,Others,
202506,Lantus,10,47.8603,51.5164,55.1724,placeholder,Others,
202506,Lantus,11,52.8782,56.5339,60.1897,placeholder,Others,
202506,Lantus,12,57.9028,61.6030,65.3031,placeholder,Others,
202506,Lantus,13,62.9852,66.7423,70.4995,placeholder,Others,
202506,Lantus,14,68.1551,71.9565,75.7579,placeholder,Others,
202506,Lantus,15,73.3918,77.2243,81.0567,placeholder,Others,
202506,Lantus,16,78.6172,82.4857,86.3542,placeholder,Others,
202506,Lantus,17,83.7487,87.6267,91.5047,placeholder,Others,
202506,Lantus,18,88.8098,92.4621,96.1144,placeholder,Others,
202506,Lantus,19,93.0635,96.7158,100.3681,placeholder,Others,
202506,Lantus,20,96.3477,100.0000,103.6523,placeholder,Others,
202506,Lyxumia,1,5.6872,6.2862,6.8852,placeholder,Others,
202506,Lyxumia,2,72.2866,78.9306,85.5747,placeholder,Others,
202506,Lyxumia,3,70.7232,77.8163,84.9093,placeholder,Others,
202506,Lyxumia,4,43.8566,48.8938,53.9310,placeholder,Others,
202506,Lyxumia,5,16.0371,18.4566,20.8761,placeholder,Others,
202506,Lyxumia,6,0.0000,0.0000,0.3053,placeholder,Others,
202506,Lyxumia,7,0.0000,0.0000,0.8784,placeholder,Others,
202506,Lyxumia,8,0.0000,0.0000,1.1349,placeholder,Others,
202506,Lyxumia,9,1.1979,1.9193,2.6407,placeholder,Others,
202506,Lyxumia,10,7.9886,7.9919,7.9952,placeholder,Others,
202506,Lyxumia,11,8.4774,9.1368,9.7963,placeholder,Others,
202506,Lyxumia,12,3.4321,4.4270,5.4218,placeholder,Others,
202506,Lyxumia,13,0.0000,0.0000,0.8704,placeholder,Others,
202506,Lyxumia,14,0.0000,0.0000,0.3128,placeholder,Others,
202506,Lyxumia,15,0.0000,0.0000,0.5036,placeholder,Others,
202506,Lyxumia,16,0.0000,0.6279,1.9272,placeholder,Others,
202506,Lyxumia,17,26.2640,28.0282,29.7923,placeholder,Others,
202506,Lyxumia,18,64.5086,66.1713,67.8340,placeholder,Others,
202506,Lyxumia,19,98.3373,100.0000,101.6627,placeholder,Others,
202506,Lyxumia,20,97.1442,98.8068,100.4695,placeholder,Others,
202506,Mozobil,1,8.8205,22.6360,36.4515,placeholder,Others,
202506,Mozobil,2,10.4486,21.9554,33.4621,placeholder,Others,
202506,Mozobil,3,13.2173,24.6739,36.1306,placeholder,Others,
202506,Mozobil,4,19.3310,29.6300,39.9289,placeholder,Others,
202506,Mozobil,5,25.7419,35.8345,45.9270,placeholder,Others,
202506,Mozobil,6,30.9315,42.4935,54.0554,placeholder,Others,
202506,Mozobil,7,35.2847,49.0195,62.7542,placeholder,Others,
202506,Mozobil,8,39.3020,55.0318,70.7617,placeholder,Others,
202506,Mozobil,9,43.1993,60.3465,77.4938,placeholder,Others,
202506,Mozobil,10,47.1287,64.9549,82.7810,placeholder,Others,
202506,Mozobil,11,51.2561,68.9914,86.7266,placeholder,Others,
202506,Mozobil,12,55.7144,72.6907,89.6669,placeholder,Others,
202506,Mozobil,13,60.5283,76.3339,92.1396,placeholder,Others,
202506,Mozobil,14,65.5715,80.1838,94.7961,placeholder,Others,
202506,Mozobil,15,70.6066,84.4090,98.2114,placeholder,Others,
202506,Mozobil,16,75.4279,88.9978,102.5677,placeholder,Others,
202506,Mozobil,17,80.0271,93.6605,107.2939,placeholder,Others,
202506,Mozobil,18,84.6597,97.7215,110.7834,placeholder,Others,
202506,Mozobil,19,86.9381,100.0000,113.0619,placeholder,Others,
202506,Mozobil,20,85.6180,98.6799,111.7417,placeholder,Others,
202506,Multaq,1,0.0000,4.2990,19.0620,placeholder,Others,
202506,Multaq,2,0.0000,10.3758,25.0482,placeholder,Others,
202506,Multaq,3,0.0000,14.4187,28.9606,placeholder,Others,
202506,Multaq,4,2.5389,17.2482,31.9575,placeholder,Others,
202506,Multaq,5,4.5367,19.8003,35.0638,placeholder,Others,
202506,Multaq,6,6.8407,22.9543,39.0679,placeholder,Others,
202506,Multaq,7,10.4389,27.4015,44.3642,placeholder,Others,
202506,Multaq,8,16.2301,33.5528,50.8755,placeholder,Others,
202506,Multaq,9,24.7880,41.4867,58.1854,placeholder,Others,
202506,Multaq,10,36.1379,50.9374,65.7369,placeholder,Others,
202506,Multaq,11,49.6514,61.3229,72.9945,placeholder,Others,
202506,Multaq,12,64.0493,71.8124,79.5754,placeholder,Others,
202506,Multaq,13,77.3579,81.4341,85.5103,placeholder,Others,
202506,Multaq,14,86.2865,89.2234,92.1602,placeholder,Others,
202506,Multaq,15,90.3982,94.4100,98.4217,placeholder,Others,
202506,Multaq,16,92.7421,96.6459,100.5497,placeholder,Others,
202506,Multaq,17,94.1997,96.2728,98.3460,placeholder,Others,
202506,Multaq,18,93.0821,94.6297,96.1774,placeholder,Others,
202506,Multaq,19,92.8526,94.4002,95.9479,placeholder,Others,
202506,Multaq,20,98.4524,100.0000,101.5476,placeholder,Others,
202506,Plavix,1,5.2885,7.1344,8.9803,placeholder,Others,
202506,Plavix,2,11.8704,13.9196,15.9687,placeholder,Others,
202506,Plavix,3,16.9502,19.4916,22.0330,placeholder,Others,
202506,Plavix,4,21.7085,24.5705,27.4326,placeholder,Others,
202506,Plavix,5,26.2910,29.5691,32.8473,placeholder,Others,
202506,Plavix,6,30.8879,34.6731,38.4582,placeholder,Others,
202506,Plavix,7,35.6399,39.9117,44.1834,placeholder,Others,
202506,Plavix,8,40.5559,45.2183,49.8807,placeholder,Others,
202506,Plavix,9,45.5510,50.4811,55.4112,placeholder,Others,
202506,Plavix,10,50.5081,55.5834,60.6587,placeholder,Others,
202506,Plavix,11,55.3217,60.4345,65.5473,placeholder,Others,
202506,Plavix,12,59.9218,64.9900,70.0583,placeholder,Others,
202506,Plavix,13,64.2867,69.2628,74.2389,placeholder,Others,
202506,Plavix,14,68.4512,73.3232,78.1951,placeholder,Others,
202506,Plavix,15,72.5149,77.2902,82.0655,placeholder,Others,
202506,Plavix,16,76.6495,81.3118,85.9741,placeholder,Others,
202506,Plavix,17,81.1066,85.5357,89.9649,placeholder,Others,
202506,Plavix,18,86.2250,90.0701,93.9152,placeholder,Others,
202506,Plavix,19,91.0894,94.9344,98.7795,placeholder,Others,
202506,Plavix,20,96.1549,100.0000,103.8451,placeholder,Others,
202506,Praluent,1,7.5837,10.1582,12.7327,placeholder,Others,
202506,Praluent,2,14.0231,17.7004,21.3777,placeholder,Others,
202506,Praluent,3,19.7579,24.0847,28.4114,placeholder,Others,
202506,Praluent,4,25.1434,29.8103,34.4773,placeholder,Others,
202506,Praluent,5,30.3837,35.1910,39.9983,placeholder,Others,
202506,Praluent,6,35.6488,40.4000,45.1511,placeholder,Others,
202506,Praluent,7,40.9845,45.5102,50.0359,placeholder,Others,
202506,Praluent,8,46.3167,50.5290,54.7413,placeholder,Others,
202506,Praluent,9,51.5202,55.4272,59.3342,placeholder,Others,
202506,Praluent,10,56.4980,60.1624,63.8269,placeholder,Others,
202506,Praluent,11,61.2247,64.6978,68.1710,placeholder,Others,
202506,Praluent,12,65.7265,69.0143,72.3022,placeholder,Others,
202506,Praluent,13,70.0360,73.1180,76.2001,placeholder,Others,
202506,Praluent,14,74.1710,77.0421,79.9133,placeholder,Others,
202506,Praluent,15,78.1532,80.8431,83.5329,placeholder,Others,
202506,Praluent,16,82.0485,84.5915,87.1345,placeholder,Others,
202506,Praluent,17,85.9867,88.3577,90.7288,placeholder,Others,
202506,Praluent,18,90.1397,92.1915,94.2433,placeholder,Others,
202506,Praluent,19,94.0448,96.0966,98.1484,placeholder,Others,
202506,Praluent,20,97.9482,100.0000,102.0518,placeholder,Others,
202506,Rezurock,1,0.0000,4.5001,29.5251,placeholder,Others,
202506,Rezurock,2,0.0000,17.7603,39.9694,placeholder,Others,
202506,Rezurock,3,8.3782,26.8303,45.2825,placeholder,Others,
202506,Rezurock,4,17.8247,33.3092,48.7937,placeholder,Others,
202506,Rezurock,5,23.7817,38.3457,52.9098,placeholder,Others,
202506,Rezurock,6,28.9020,42.7275,56.5529,placeholder,Others,
202506,Rezurock,7,34.3476,46.9589,59.5703,placeholder,Others,
202506,Rezurock,8,39.1725,51.3302,63.4879,placeholder,Others,
202506,Rezurock,9,42.7009,55.9749,69.2488,placeholder,Others,
202506,Rezurock,10,46.0408,60.9177,75.7947,placeholder,Others,
202506,Rezurock,11,50.4706,66.1127,81.7548,placeholder,Others,
202506,Rezurock,12,56.2525,71.4699,86.6873,placeholder,Others,
202506,Rezurock,13,62.7094,76.8730,91.0367,placeholder,Others,
202506,Rezurock,14,68.8058,82.1862,95.5665,placeholder,Others,
202506,Rezurock,15,73.9049,87.2505,100.5961,placeholder,Others,
202506,Rezurock,16,77.7507,91.8709,105.9912,placeholder,Others,
202506,Rezurock,17,79.9829,95.7920,111.6012,placeholder,Others,
202506,Rezurock,18,81.4472,98.6643,115.8815,placeholder,Others,
202506,Rezurock,19,82.7829,100.0000,117.2171,placeholder,Others,
202506,Rezurock,20,81.9013,99.1184,116.3355,placeholder,Others,
202506,Soliqua,1,4.7343,8.6739,12.6135,placeholder,Others,
202506,Soliqua,2,7.2488,15.9232,24.5977,placeholder,Others,
202506,Soliqua,3,11.8013,22.7756,33.7499,placeholder,Others,
202506,Soliqua,4,17.6097,29.2161,40.8225,placeholder,Others,
202506,Soliqua,5,23.9594,35.2293,46.4993,placeholder,Others,
202506,Soliqua,6,30.3403,40.8166,51.2928,placeholder,Others,
202506,Soliqua,7,36.4130,46.0071,55.6013,placeholder,Others,
202506,Soliqua,8,42.0449,50.8632,59.6814,placeholder,Others,
202506,Soliqua,9,47.3181,55.4790,63.6400,placeholder,Others,
202506,Soliqua,10,52.4163,59.9741,67.5320,placeholder,Others,
202506,Soliqua,11,57.4561,64.4801,71.5041,placeholder,Others,
202506,Soliqua,12,62.4181,69.1215,75.8249,placeholder,Others,
202506,Soliqua,13,67.2841,73.9908,80.6974,placeholder,Others,
202506,Soliqua,14,72.2450,79.1172,85.9894,placeholder,Others,
202506,Soliqua,15,77.6361,84.4294,91.2228,placeholder,Others,
202506,Soliqua,16,83.6338,89.7124,95.7911,placeholder,Others,
202506,Soliqua,17,89.9667,94.5580,99.1493,placeholder,Others,
202506,Soliqua,18,95.5337,98.3094,101.0852,placeholder,Others,
202506,Soliqua,19,97.2242,100.0000,102.7758,placeholder,Others,
202506,Soliqua,20,95.5099,98.2857,101.0614,placeholder,Others,
202506,Thymoglobuline,1,0.0000,4.4062,9.8812,placeholder,Others,
202506,Thymoglobuline,2,0.9044,8.2897,15.6750,placeholder,Others,
202506,Thymoglobuline,3,4.9155,13.3221,21.7288,placeholder,Others,
202506,Thymoglobuline,4,9.5527,18.0246,26.4965,placeholder,Others,
202506,Thymoglobuline,5,13.4752,21.9962,30.5173,placeholder,Others,
202506,Thymoglobuline,6,17.0432,25.4991,33.9551,placeholder,Others,
202506,Thymoglobuline,7,20.9889,29.1129,37.2370,placeholder,Others,
202506,Thymoglobuline,8,25.8581,33.4604,41.0627,placeholder,Others,
202506,Thymoglobuline,9,31.9823,39.0033,46.0242,placeholder,Others,
202506,Thymoglobuline,10,39.4072,45.9082,52.4092,placeholder,Others,
202506,Thymoglobuline,11,47.6863,53.9836,60.2808,placeholder,Others,
202506,Thymoglobuline,12,55.9419,62.6861,69.4303,placeholder,Others,
202506,Thymoglobuline,13,63.4515,71.1985,78.9455,placeholder,Others,
202506,Thymoglobuline,14,69.9327,78.5771,87.2214,placeholder,Others,
202506,Thymoglobuline,15,75.2808,83.9696,92.6585,placeholder,Others,
202506,Thymoglobuline,16,79.3674,86.9043,94.4413,placeholder,Others,
202506,Thymoglobuline,17,81.7792,87.6482,93.5173,placeholder,Others,
202506,Thymoglobuline,18,81.9505,87.6369,93.3232,placeholder,Others,
202506,Thymoglobuline,19,84.2873,89.9736,95.6600,placeholder,Others,
202506,Thymoglobuline,20,94.3136,100.0000,105.6864,placeholder,Others,
202506,Toujeo,1,6.2353,8.0153,9.7954,placeholder,Others,
202506,Toujeo,2,10.0761,13.1251,16.1742,placeholder,Others,
202506,Toujeo,3,14.4561,18.0816,21.7071,placeholder,Others,
202506,Toujeo,4,19.1099,23.1701,27.2302,placeholder,Others,
202506,Toujeo,5,24.2238,28.4738,32.7237,placeholder,Others,
202506,Toujeo,6,29.7979,33.9523,38.1067,placeholder,Others,
202506,Toujeo,7,35.4195,39.5066,43.5937,placeholder,Others,
202506,Toujeo,8,40.6112,45.0287,49.4463,placeholder,Others,
202506,Toujeo,9,45.3146,50.4380,55.5613,placeholder,Others,
202506,Toujeo,10,49.7964,55.7022,61.6080,placeholder,Others,
202506,Toujeo,11,54.2836,60.8452,67.4068,placeholder,Others,
202506,Toujeo,12,58.8700,65.9394,73.0087,placeholder,Others,
202506,Toujeo,13,63.5990,71.0844,78.5697,placeholder,Others,
202506,Toujeo,14,68.5723,76.3713,84.1702,placeholder,Others,
202506,Toujeo,15,73.9554,81.8324,89.7094,placeholder,Others,
202506,Toujeo,16,79.8259,87.3770,94.9280,placeholder,Others,
202506,Toujeo,17,85.9596,92.7121,99.4647,placeholder,Others,
202506,Toujeo,18,91.7686,97.2500,102.7313,placeholder,Others,
202506,Toujeo,19,94.5187,100.0000,105.4813,placeholder,Others,
202506,Toujeo,20,93.9660,99.4473,104.9287,placeholder,Others,
202506,Trastal,1,6.4593,7.3363,8.2132,placeholder,Others,
202506,Trastal,2,12.6723,13.9324,15.1925,placeholder,Others,
202506,Trastal,3,18.1462,19.3740,20.6018,placeholder,Others,
202506,Trastal,4,23.0677,24.2159,25.3642,placeholder,Others,
202506,Trastal,5,27.3240,28.8207,30.3173,placeholder,Others,
202506,Trastal,6,31.3600,33.4027,35.4454,placeholder,Others,
202506,Trastal,7,35.5123,38.0668,40.6213,placeholder,Others,
202506,Trastal,8,39.8557,42.8422,45.8286,placeholder,Others,
202506,Trastal,9,44.3494,47.7106,51.0718,placeholder,Others,
202506,Trastal,10,48.9281,52.6302,56.3324,placeholder,Others,
202506,Trastal,11,53.5463,57.5538,61.5614,placeholder,Others,
202506,Trastal,12,58.1922,62.4421,66.6921,placeholder,Others,
202506,Trastal,13,62.8826,67.2721,71.6615,placeholder,Others,
202506,Trastal,14,67.6515,72.0398,76.4281,placeholder,Others,
202506,Trastal,15,72.5359,76.7589,80.9820,placeholder,Others,
202506,Trastal,16,77.5610,81.4534,85.3457,placeholder,Others,
202506,Trastal,17,82.7346,86.1451,89.5557,placeholder,Others,
202506,Trastal,18,88.0734,90.8372,93.6010,placeholder,Others,
202506,Trastal,19,92.7274,95.4912,98.2550,placeholder,Others,
202506,Trastal,20,97.2362,100.0000,102.7638,placeholder,Others,
202506,Tzield,1,0.0000,0.0000,0.0000,placeholder,Others,
202506,Tzield,2,0.0000,0.0000,0.0000,placeholder,Others,
202506,Tzield,3,0.0000,0.0000,0.0000,placeholder,Others,
202506,Tzield,4,0.0000,0.0000,0.0000,placeholder,Others,
202506,Tzield,5,0.0000,0.0000,0.0000,placeholder,Others,
202506,Tzield,6,0.0000,0.0000,0.0000,placeholder,Others,
202506,Tzield,7,0.0000,0.0000,0.0000,placeholder,Others,
202506,Tzield,8,0.0000,0.0000,0.0000,placeholder,Others,
202506,Tzield,9,0.0000,0.0000,0.0000,placeholder,Others,
202506,Tzield,10,0.0000,0.0000,0.0000,placeholder,Others,
202506,Tzield,11,0.0000,0.0000,0.0000,placeholder,Others,
202506,Tzield,12,0.0000,0.0000,0.0000,placeholder,Others,
202506,Tzield,13,0.0000,0.0000,0.0000,placeholder,Others,
202506,Tzield,14,0.0000,0.0000,0.0000,placeholder,Others,
202506,Tzield,15,0.0000,0.0000,0.0000,placeholder,Others,
202506,Tzield,16,0.0000,0.0000,0.0000,placeholder,Others,
202506,Tzield,17,0.0000,0.0000,0.0000,placeholder,Others,
202506,Tzield,18,0.0000,0.0000,0.0000,placeholder,Others,
202506,Tzield,19,0.0000,0.0000,0.0000,placeholder,Others,
202506,Tzield,20,0.0000,0.0000,0.0000,placeholder,Others,
202506,Valdoxan,1,9.2843,14.1967,19.1091,placeholder,Others,
202506,Valdoxan,2,13.4071,17.3934,21.3797,placeholder,Others,
202506,Valdoxan,3,18.3652,22.1007,25.8361,placeholder,Others,
202506,Valdoxan,4,23.8462,27.3988,30.9515,placeholder,Others,
202506,Valdoxan,5,29.0924,32.7252,36.3579,placeholder,Others,
202506,Valdoxan,6,34.0898,37.7896,41.4894,placeholder,Others,
202506,Valdoxan,7,38.8851,42.4998,46.1145,placeholder,Others,
202506,Valdoxan,8,43.3628,46.8961,50.4293,placeholder,Others,
202506,Valdoxan,9,47.4471,51.0946,54.7420,placeholder,Others,
202506,Valdoxan,10,51.3198,55.2409,59.1621,placeholder,Others,
202506,Valdoxan,11,55.3219,59.4728,63.6236,placeholder,Others,
202506,Valdoxan,12,59.7076,63.8915,68.0754,placeholder,Others,
202506,Valdoxan,13,64.5385,68.5435,72.5485,placeholder,Others,
202506,Valdoxan,14,69.7017,73.4111,77.1204,placeholder,Others,
202506,Valdoxan,15,74.9808,78.4120,81.8433,placeholder,Others,
202506,Valdoxan,16,80.1348,83.4092,86.6837,placeholder,Others,
202506,Valdoxan,17,84.9661,88.2292,91.4923,placeholder,Others,
202506,Valdoxan,18,89.4704,92.6901,95.9098,placeholder,Others,
202506,Valdoxan,19,93.4196,96.6393,99.8590,placeholder,Others,
202506,Valdoxan,20,96.7803,100.0000,103.2197,placeholder,Others,
202506,Zenon,1,0.0000,0.0000,0.0000,placeholder,Others,
202506,Zenon,2,0.0000,0.0000,0.0000,placeholder,Others,
202506,Zenon,3,0.0000,0.0000,0.0000,placeholder,Others,
202506,Zenon,4,0.0000,0.0000,0.0000,placeholder,Others,
202506,Zenon,5,0.0000,0.0000,0.0000,placeholder,Others,
202506,Zenon,6,0.0000,0.0000,0.0000,placeholder,Others,
202506,Zenon,7,0.0000,0.0000,0.0000,placeholder,Others,
202506,Zenon,8,0.0000,0.0000,0.0000,placeholder,Others,
202506,Zenon,9,0.0000,0.0000,0.0000,placeholder,Others,
202506,Zenon,10,0.0000,0.0000,0.0000,placeholder,Others,
202506,Zenon,11,0.0000,0.0000,0.0000,placeholder,Others,
202506,Zenon,12,0.0000,0.0000,0.0000,placeholder,Others,
202506,Zenon,13,0.0000,0.0000,0.0000,placeholder,Others,
202506,Zenon,14,0.0000,0.0000,0.0000,placeholder,Others,
202506,Zenon,15,0.0000,0.0000,0.0000,placeholder,Others,
202506,Zenon,16,0.0000,0.0000,0.0000,placeholder,Others,
202506,Zenon,17,0.0000,0.0000,0.0000,placeholder,Others,
202506,Zenon,18,0.0000,0.0000,0.0000,placeholder,Others,
202506,Zenon,19,0.0000,0.0000,0.0000,placeholder,Others,
202506,Zenon,20,0.0000,0.0000,0.0000,placeholder,Others,
202506,Lantus,1,6.8910,8.6218,10.3526,placeholder,Partnership,
202506,Lantus,2,11.4032,14.1035,16.8038,placeholder,Partnership,
202506,Lantus,3,15.6641,19.1965,22.7289,placeholder,Partnership,
202506,Lantus,4,19.9326,24.1483,28.3640,placeholder,Partnership,
202506,Lantus,5,24.2022,29.0734,33.9445,placeholder,Partnership,
202506,Lantus,6,28.4377,33.9969,39.5560,placeholder,Partnership,
202506,Lantus,7,32.6273,38.8920,45.1566,placeholder,Partnership,
202506,Lantus,8,36.7906,43.7107,50.6307,placeholder,Partnership,
202506,Lantus,9,40.9625,48.4074,55.8524,placeholder,Partnership,
202506,Lantus,10,45.1745,52.9567,60.7389,placeholder,Partnership,
202506,Lantus,11,49.4461,57.3633,65.2805,placeholder,Partnership,
202506,Lantus,12,53.7894,61.6664,69.5434,placeholder,Partnership,
202506,Lantus,13,58.2241,65.9368,73.6495,placeholder,Partnership,
202506,Lantus,14,62.7992,70.2671,77.7351,placeholder,Partnership,
202506,Lantus,15,67.6073,74.7560,81.9047,placeholder,Partnership,
202506,Lantus,16,72.7775,79.4851,86.1927,placeholder,Partnership,
202506,Lantus,17,78.4494,84.4895,90.5296,placeholder,Partnership,
202506,Lantus,18,84.7585,89.7215,94.6844,placeholder,Partnership,
202506,Lantus,19,90.0449,95.0078,99.9708,placeholder,Partnership,
202506,Lantus,20,95.0370,100.0000,104.9630,placeholder,Partnership,
202506,Soliqua,1,2.5049,4.3490,6.1930,placeholder,Partnership,
202506,Soliqua,2,7.3423,10.3282,13.3141,placeholder,Partnership,
202506,Soliqua,3,11.7497,14.5554,17.3611,placeholder,Partnership,
202506,Soliqua,4,15.7136,18.2987,20.8838,placeholder,Partnership,
202506,Soliqua,5,19.1069,22.2247,25.3424,placeholder,Partnership,
202506,Soliqua,6,22.7864,26.5778,30.3693,placeholder,Partnership,
202506,Soliqua,7,27.0656,31.3342,35.6028,placeholder,Partnership,
202506,Soliqua,8,31.7198,36.3288,40.9379,placeholder,Partnership,
202506,Soliqua,9,36.4290,41.3580,46.2870,placeholder,Partnership,
202506,Soliqua,10,40.9868,46.2547,51.5226,placeholder,Partnership,
202506,Soliqua,11,45.3058,50.9389,56.5720,placeholder,Partnership,
202506,Soliqua,12,49.3777,55.4416,61.5056,placeholder,Partnership,
202506,Soliqua,13,53.3159,59.9032,66.4906,placeholder,Partnership,
202506,Soliqua,14,57.4339,64.5457,71.6575,placeholder,Partnership,
202506,Soliqua,15,62.2164,69.6193,77.0222,placeholder,Partnership,
202506,Soliqua,16,68.1379,75.3229,82.5078,placeholder,Partnership,
202506,Soliqua,17,75.4071,81.6988,87.9904,placeholder,Partnership,
202506,Soliqua,18,83.7264,88.5017,93.2769,placeholder,Partnership,
202506,Soliqua,19,90.2662,95.0414,99.8166,placeholder,Partnership,
202506,Soliqua,20,95.2248,100.0000,104.7752,placeholder,Partnership,
202506,Toujeo,1,6.8341,9.0396,11.2450,placeholder,Partnership,
202506,Toujeo,2,10.9426,13.6641,16.3855,placeholder,Partnership,
202506,Toujeo,3,14.4968,17.7725,21.0481,placeholder,Partnership,
202506,Toujeo,4,18.0065,21.7934,25.5803,placeholder,Partnership,
202506,Toujeo,5,21.6663,25.9397,30.2131,placeholder,Partnership,
202506,Toujeo,6,25.5365,30.2749,35.0133,placeholder,Partnership,
202506,Toujeo,7,29.5580,34.7710,39.9841,placeholder,Partnership,
202506,Toujeo,8,33.6495,39.3558,45.0621,placeholder,Partnership,
202506,Toujeo,9,37.7732,43.9501,50.1270,placeholder,Partnership,
202506,Toujeo,10,41.9332,48.4958,55.0584,placeholder,Partnership,
202506,Toujeo,11,46.1493,52.9739,59.7985,placeholder,Partnership,
202506,Toujeo,12,50.4463,57.4125,64.3786,placeholder,Partnership,
202506,Toujeo,13,54.8679,61.8849,68.9019,placeholder,Partnership,
202506,Toujeo,14,59.5005,66.4987,73.4969,placeholder,Partnership,
202506,Toujeo,15,64.4779,71.3738,78.2697,placeholder,Partnership,
202506,Toujeo,16,69.9498,76.6116,83.2734,placeholder,Partnership,
202506,Toujeo,17,76.0407,82.2540,88.4673,placeholder,Partnership,
202506,Toujeo,18,82.8662,88.2327,93.5991,placeholder,Partnership,
202506,Toujeo,19,88.9418,94.3082,99.6747,placeholder,Partnership,
202506,Toujeo,20,94.6336,100.0000,105.3664,placeholder,Partnership,
202506,Aprovel,1,3.1649,6.2532,9.3416,placeholder,Retail,
202506,Aprovel,2,5.2071,10.7267,16.2464,placeholder,Retail,
202506,Aprovel,3,9.5488,15.3996,21.2504,placeholder,Retail,
202506,Aprovel,4,15.2713,20.4457,25.6202,placeholder,Retail,
202506,Aprovel,5,21.2820,25.8490,30.4160,placeholder,Retail,
202506,Aprovel,6,26.8459,31.4843,36.1228,placeholder,Retail,
202506,Aprovel,7,31.9124,37.1839,42.4554,placeholder,Retail,
202506,Aprovel,8,36.7433,42.7887,48.8341,placeholder,Retail,
202506,Aprovel,9,41.4938,48.1854,54.8770,placeholder,Retail,
202506,Aprovel,10,46.2279,53.3285,60.4290,placeholder,Retail,
202506,Aprovel,11,51.0037,58.2475,65.4913,placeholder,Retail,
202506,Aprovel,12,55.9077,63.0402,70.1728,placeholder,Retail,
202506,Aprovel,13,61.0466,67.8502,74.6538,placeholder,Retail,
202506,Aprovel,14,66.5057,72.8305,79.1554,placeholder,Retail,
202506,Aprovel,15,72.2742,78.0921,83.9099,placeholder,Retail,
202506,Aprovel,16,78.1803,83.6377,89.0951,placeholder,Retail,
202506,Aprovel,17,83.9557,89.2814,94.6071,placeholder,Retail,
202506,Aprovel,18,89.4604,94.5528,99.6452,placeholder,Retail,
202506,Aprovel,19,93.4947,98.5871,103.6795,placeholder,Retail,
202506,Aprovel,20,94.9076,100.0000,105.0924,placeholder,Retail,
202506,CoAprovel,1,5.5026,7.3412,9.1798,placeholder,Retail,
202506,CoAprovel,2,6.4581,11.3161,16.1741,placeholder,Retail,
202506,CoAprovel,3,9.5908,15.7161,21.8415,placeholder,Retail,
202506,CoAprovel,4,14.0214,20.4271,26.8329,placeholder,Retail,
202506,CoAprovel,5,18.8876,25.3605,31.8334,placeholder,Retail,
202506,CoAprovel,6,23.8071,30.4498,37.0925,placeholder,Retail,
202506,CoAprovel,7,28.7238,35.6472,42.5707,placeholder,Retail,
202506,CoAprovel,8,33.7029,40.9198,48.1366,placeholder,Retail,
202506,CoAprovel,9,38.8168,46.2454,53.6740,placeholder,Retail,
202506,CoAprovel,10,44.1162,51.6090,59.1018,placeholder,Retail,
202506,CoAprovel,11,49.6276,56.9981,64.3687,placeholder,Retail,
202506,CoAprovel,12,55.3470,62.3986,69.4502,placeholder,Retail,
202506,CoAprovel,13,61.2322,67.7901,74.3480,placeholder,Retail,
202506,CoAprovel,14,67.1993,73.1412,79.0831,placeholder,Retail,
202506,CoAprovel,15,73.1227,78.4047,83.6867,placeholder,Retail,
202506,CoAprovel,16,78.8442,83.5126,88.1810,placeholder,Retail,
202506,CoAprovel,17,84.2198,88.3707,92.5216,placeholder,Retail,
202506,CoAprovel,18,89.2560,92.8534,96.4508,placeholder,Retail,
202506,CoAprovel,19,93.2009,96.7983,100.3957,placeholder,Retail,
202506,CoAprovel,20,96.4026,100.0000,103.5974,placeholder,Retail,
202506,CoPlavix,1,3.7335,8.5238,13.3141,placeholder,Retail,
202506,CoPlavix,2,5.7099,12.9655,20.2211,placeholder,Retail,
202506,CoPlavix,3,9.5510,16.5329,23.5148,placeholder,Retail,
202506,CoPlavix,4,13.6272,20.3089,26.9905,placeholder,Retail,
202506,CoPlavix,5,17.3689,24.7067,32.0446,placeholder,Retail,
202506,CoPlavix,6,21.5180,29.7041,37.8901,placeholder,Retail,
202506,CoPlavix,7,26.2032,35.0388,43.8745,placeholder,Retail,
202506,CoPlavix,8,30.9993,40.3682,49.7372,placeholder,Retail,
202506,CoPlavix,9,35.5511,45.3903,55.2295,placeholder,Retail,
202506,CoPlavix,10,39.7536,49.9276,60.1017,placeholder,Retail,
202506,CoPlavix,11,43.5910,53.9745,64.3579,placeholder,Retail,
202506,CoPlavix,12,47.0373,57.7057,68.3741,placeholder,Retail,
202506,CoPlavix,13,50.2477,61.4489,72.6501,placeholder,Retail,
202506,CoPlavix,14,53.8405,65.6186,77.3968,placeholder,Retail,
202506,CoPlavix,15,58.7803,70.6136,82.4470,placeholder,Retail,
202506,CoPlavix,16,65.8207,76.6766,87.5326,placeholder,Retail,
202506,CoPlavix,17,74.8227,83.7165,92.6103,placeholder,Retail,
202506,CoPlavix,18,84.2870,91.0932,97.8993,placeholder,Retail,
202506,CoPlavix,19,90.5591,97.3652,104.1714,placeholder,Retail,
202506,CoPlavix,20,93.1938,100.0000,106.8062,placeholder,Retail,
202506,Lantus,1,2.7231,7.3629,12.0026,placeholder,Retail,
202506,Lantus,2,9.0848,15.2105,21.3362,placeholder,Retail,
202506,Lantus,3,13.5844,20.8032,28.0221,placeholder,Retail,
202506,Lantus,4,17.2088,25.2128,33.2169,placeholder,Retail,
202506,Lantus,5,20.5085,29.1752,37.8418,placeholder,Retail,
202506,Lantus,6,23.8953,33.1579,42.4206,placeholder,Retail,
202506,Lantus,7,27.6641,37.4208,47.1775,placeholder,Retail,
202506,Lantus,8,31.9937,42.0689,52.1441,placeholder,Retail,
202506,Lantus,9,36.9546,47.0989,57.2432,placeholder,Retail,
202506,Lantus,10,42.5227,52.4381,62.3535,placeholder,Retail,
202506,Lantus,11,48.5946,57.9764,67.3583,placeholder,Retail,
202506,Lantus,12,55.0053,63.5915,72.1777,placeholder,Retail,
202506,Lantus,13,61.5516,69.1662,76.7807,placeholder,Retail,
202506,Lantus,14,68.0239,74.5993,81.1747,placeholder,Retail,
202506,Lantus,15,74.2476,79.8094,85.3712,placeholder,Retail,
202506,Lantus,16,80.1213,84.7312,89.3410,placeholder,Retail,
202506,Lantus,17,85.6224,89.3048,92.9871,placeholder,Retail,
202506,Lantus,18,90.7654,93.4582,96.1511,placeholder,Retail,
202506,Lantus,19,94.3898,97.0826,99.7754,placeholder,Retail,
202506,Lantus,20,97.3072,100.0000,102.6928,placeholder,Retail,
202506,Multaq,1,0.0000,0.0000,0.0000,placeholder,Retail,
202506,Multaq,2,0.0000,0.0000,0.0000,placeholder,Retail,
202506,Multaq,3,0.0000,0.0000,0.0000,placeholder,Retail,
202506,Multaq,4,0.0000,0.0000,0.0000,placeholder,Retail,
202506,Multaq,5,0.0000,0.0000,0.0000,placeholder,Retail,
202506,Multaq,6,0.0000,0.0000,0.0000,placeholder,Retail,
202506,Multaq,7,0.0000,0.0000,0.0000,placeholder,Retail,
202506,Multaq,8,0.0000,0.0000,0.0000,placeholder,Retail,
202506,Multaq,9,0.0000,0.0000,0.0000,placeholder,Retail,
202506,Multaq,10,0.0000,0.0000,0.0000,placeholder,Retail,
202506,Multaq,11,0.0000,0.0000,0.0000,placeholder,Retail,
202506,Multaq,12,0.0000,0.0000,0.0000,placeholder,Retail,
202506,Multaq,13,0.0000,0.0000,0.0000,placeholder,Retail,
202506,Multaq,14,0.0000,0.0000,0.0000,placeholder,Retail,
202506,Multaq,15,0.0000,0.0000,0.0000,placeholder,Retail,
202506,Multaq,16,0.0000,0.0000,0.0000,placeholder,Retail,
202506,Multaq,17,0.0000,0.0000,0.0000,placeholder,Retail,
202506,Multaq,18,0.0000,0.0000,0.0000,placeholder,Retail,
202506,Multaq,19,0.0000,0.0000,0.0000,placeholder,Retail,
202506,Multaq,20,0.0000,0.0000,0.0000,placeholder,Retail,
202506,Plavix,1,3.3139,6.3971,9.4802,placeholder,Retail,
202506,Plavix,2,6.3987,11.5862,16.7737,placeholder,Retail,
202506,Plavix,3,9.0368,15.5987,22.1605,placeholder,Retail,
202506,Plavix,4,11.5777,19.2058,26.8339,placeholder,Retail,
202506,Plavix,5,14.3031,22.8863,31.4695,placeholder,Retail,
202506,Plavix,6,17.4675,26.8966,36.3258,placeholder,Retail,
202506,Plavix,7,21.1929,31.3316,41.4703,placeholder,Retail,
202506,Plavix,8,25.4881,36.1776,46.8670,placeholder,Retail,
202506,Plavix,9,30.3063,41.3567,52.4071,placeholder,Retail,
202506,Plavix,10,35.5821,46.7630,57.9439,placeholder,Retail,
202506,Plavix,11,41.2418,52.2901,63.3384,placeholder,Retail,
202506,Plavix,12,47.2038,57.8503,68.4968,placeholder,Retail,
202506,Plavix,13,53.3865,63.3854,73.3844,placeholder,Retail,
202506,Plavix,14,59.7250,68.8694,78.0138,placeholder,Retail,
202506,Plavix,15,66.1846,74.3021,82.4195,placeholder,Retail,
202506,Plavix,16,72.7512,79.6950,86.6388,placeholder,Retail,
202506,Plavix,17,79.3942,85.0487,90.7033,placeholder,Retail,
202506,Plavix,18,86.0525,90.3215,94.5904,placeholder,Retail,
202506,Plavix,19,91.1207,95.3897,99.6586,placeholder,Retail,
202506,Plavix,20,95.7310,100.0000,104.2690,placeholder,Retail,
202506,Praluent,1,5.1550,9.5165,13.8780,placeholder,Retail,
202506,Praluent,2,8.6799,14.5349,20.3900,placeholder,Retail,
202506,Praluent,3,10.8794,17.9009,24.9224,placeholder,Retail,
202506,Praluent,4,12.0570,20.9338,29.8105,placeholder,Retail,
202506,Praluent,5,13.4266,24.4733,35.5199,placeholder,Retail,
202506,Praluent,6,15.9426,28.9636,41.9846,placeholder,Retail,
202506,Praluent,7,19.9179,34.5330,49.1480,placeholder,Retail,
202506,Praluent,8,25.4260,41.0691,56.7122,placeholder,Retail,
202506,Praluent,9,32.4675,48.2899,64.1123,placeholder,Retail,
202506,Praluent,10,40.8735,55.8102,70.7469,placeholder,Retail,
202506,Praluent,11,50.1346,63.2035,76.2725,placeholder,Retail,
202506,Praluent,12,59.2553,70.0602,80.8651,placeholder,Retail,
202506,Praluent,13,66.7678,76.0401,85.3125,placeholder,Retail,
202506,Praluent,14,71.6393,80.9221,90.2048,placeholder,Retail,
202506,Praluent,15,74.6490,84.6479,94.6468,placeholder,Retail,
202506,Praluent,16,77.3780,87.3627,97.3474,placeholder,Retail,
202506,Praluent,17,80.7743,89.4504,98.1265,placeholder,Retail,
202506,Praluent,18,84.8888,91.5652,98.2416,placeholder,Retail,
202506,Praluent,19,87.9819,94.6582,101.3346,placeholder,Retail,
202506,Praluent,20,93.3236,100.0000,106.6764,placeholder,Retail,
202506,Soliqua,1,2.0402,4.7975,7.5548,placeholder,Retail,
202506,Soliqua,2,5.3698,8.9206,12.4714,placeholder,Retail,
202506,Soliqua,3,10.0148,13.8076,17.6004,placeholder,Retail,
202506,Soliqua,4,15.1080,18.8165,22.5251,placeholder,Retail,
202506,Soliqua,5,19.5586,23.6913,27.8240,placeholder,Retail,
202506,Soliqua,6,23.6081,28.4315,33.2549,placeholder,Retail,
202506,Soliqua,7,27.7980,33.1819,38.5658,placeholder,Retail,
202506,Soliqua,8,32.4849,38.1406,43.7963,placeholder,Retail,
202506,Soliqua,9,37.8754,43.4875,49.0995,placeholder,Retail,
202506,Soliqua,10,44.0234,49.3314,54.6394,placeholder,Retail,
202506,Soliqua,11,50.7599,55.6769,60.5940,placeholder,Retail,
202506,Soliqua,12,57.6840,62.4106,67.1373,placeholder,Retail,
202506,Soliqua,13,64.3942,69.3065,74.2189,placeholder,Retail,
202506,Soliqua,14,70.7918,76.0512,81.3106,placeholder,Retail,
202506,Soliqua,15,76.9763,82.2879,87.5995,placeholder,Retail,
202506,Soliqua,16,82.9575,87.6804,92.4032,placeholder,Retail,
202506,Soliqua,17,88.4703,91.9961,95.5219,placeholder,Retail,
202506,Soliqua,18,92.8090,95.2087,97.6084,placeholder,Retail,
202506,Soliqua,19,95.2200,97.6197,100.0194,placeholder,Retail,
202506,Soliqua,20,97.6003,100.0000,102.3997,placeholder,Retail,
202506,Toujeo,1,2.1433,7.1433,12.1434,placeholder,Retail,
202506,Toujeo,2,5.4703,12.3194,19.1686,placeholder,Retail,
202506,Toujeo,3,11.3302,18.1591,24.9879,placeholder,Retail,
202506,Toujeo,4,17.4823,23.9127,30.3431,placeholder,Retail,
202506,Toujeo,5,22.8808,29.2372,35.5935,placeholder,Retail,
202506,Toujeo,6,27.3651,34.0712,40.7773,placeholder,Retail,
202506,Toujeo,7,31.1416,38.5285,45.9153,placeholder,Retail,
202506,Toujeo,8,34.5958,42.8081,51.0204,placeholder,Retail,
202506,Toujeo,9,38.2165,47.1238,56.0311,placeholder,Retail,
202506,Toujeo,10,42.4398,51.6496,60.8595,placeholder,Retail,
202506,Toujeo,11,47.4947,56.4846,65.4745,placeholder,Retail,
202506,Toujeo,12,53.3210,61.6340,69.9471,placeholder,Retail,
202506,Toujeo,13,59.5808,67.0094,74.4380,placeholder,Retail,
202506,Toujeo,14,65.7967,72.4456,79.0946,placeholder,Retail,
202506,Toujeo,15,71.6164,77.7359,83.8555,placeholder,Retail,
202506,Toujeo,16,76.9725,82.6849,88.3972,placeholder,Retail,
202506,Toujeo,17,81.9151,87.1788,92.4426,placeholder,Retail,
202506,Toujeo,18,86.5304,91.2743,96.0181,placeholder,Retail,
202506,Toujeo,19,90.5600,95.3038,100.0477,placeholder,Retail,
202506,Toujeo,20,95.2562,100.0000,104.7438,placeholder,Retail,
202506,Trastal,1,5.9882,8.8316,11.6751,placeholder,Retail,
202506,Trastal,2,9.7443,15.4097,21.0751,placeholder,Retail,
202506,Trastal,3,14.3175,21.1834,28.0493,placeholder,Retail,
202506,Trastal,4,18.8498,26.3865,33.9233,placeholder,Retail,
202506,Trastal,5,23.0094,31.2139,39.4185,placeholder,Retail,
202506,Trastal,6,27.0938,35.8244,44.5551,placeholder,Retail,
202506,Trastal,7,31.3515,40.3441,49.3368,placeholder,Retail,
202506,Trastal,8,35.8236,44.8688,53.9141,placeholder,Retail,
202506,Trastal,9,40.4549,49.4664,58.4780,placeholder,Retail,
202506,Trastal,10,45.2018,54.1787,63.1556,placeholder,Retail,
202506,Trastal,11,50.0564,59.0228,67.9892,placeholder,Retail,
202506,Trastal,12,55.0244,63.9925,72.9605,placeholder,Retail,
202506,Trastal,13,60.1192,69.0586,77.9979,placeholder,Retail,
202506,Trastal,14,65.3785,74.1698,82.9610,placeholder,Retail,
202506,Trastal,15,70.8424,79.2521,87.6618,placeholder,Retail,
202506,Trastal,16,76.4584,84.2091,91.9599,placeholder,Retail,
202506,Trastal,17,81.9882,88.9206,95.8529,placeholder,Retail,
202506,Trastal,18,87.1973,93.2416,99.2859,placeholder,Retail,
202506,Trastal,19,90.9568,97.0011,103.0454,placeholder,Retail,
202506,Trastal,20,93.9557,100.0000,106.0443,placeholder,Retail,
202506,Valdoxan,1,1.8249,7.0326,12.2403,placeholder,Retail,
202506,Valdoxan,2,6.8628,15.0157,23.1686,placeholder,Retail,
202506,Valdoxan,3,8.0921,19.2776,30.4631,placeholder,Retail,
202506,Valdoxan,4,10.6214,23.1574,35.6933,placeholder,Retail,
202506,Valdoxan,5,15.3947,28.2496,41.1044,placeholder,Retail,
202506,Valdoxan,6,22.0540,34.9366,47.8191,placeholder,Retail,
202506,Valdoxan,7,29.3708,42.8437,56.3166,placeholder,Retail,
202506,Valdoxan,8,36.2315,51.2179,66.2043,placeholder,Retail,
202506,Valdoxan,9,42.2889,59.2287,76.1685,placeholder,Retail,
202506,Valdoxan,10,47.6774,66.1932,84.7091,placeholder,Retail,
202506,Valdoxan,11,52.6298,71.7234,90.8171,placeholder,Retail,
202506,Valdoxan,12,57.3785,75.7970,94.2156,placeholder,Retail,
202506,Valdoxan,13,62.1581,78.7511,95.3440,placeholder,Retail,
202506,Valdoxan,14,67.1958,81.1987,95.2015,placeholder,Retail,
202506,Valdoxan,15,72.6539,83.8692,95.0844,placeholder,Retail,
202506,Valdoxan,16,78.5050,87.3709,96.2368,placeholder,Retail,
202506,Valdoxan,17,84.4255,91.8771,99.3288,placeholder,Retail,
202506,Valdoxan,18,89.9984,96.7355,103.4726,placeholder,Retail,
202506,Valdoxan,19,93.2629,100.0000,106.7371,placeholder,Retail,
202506,Valdoxan,20,91.1489,97.8860,104.6231,placeholder,Retail,
202506,Dupixent-AD,1,7.1425,8.9570,10.7716,placeholder,SPC-Dupi,
202506,Dupixent-AD,2,10.9897,12.8743,14.7589,placeholder,SPC-Dupi,
202506,Dupixent-AD,3,14.7728,17.1347,19.4966,placeholder,SPC-Dupi,
202506,Dupixent-AD,4,18.6740,21.4967,24.3194,placeholder,SPC-Dupi,
202506,Dupixent-AD,5,22.5402,25.8145,29.0887,placeholder,SPC-Dupi,
202506,Dupixent-AD,6,26.2919,30.0148,33.7377,placeholder,SPC-Dupi,
202506,Dupixent-AD,7,29.9310,34.0774,38.2238,placeholder,SPC-Dupi,
202506,Dupixent-AD,8,33.5029,38.0184,42.5338,placeholder,SPC-Dupi,
202506,Dupixent-AD,9,37.0697,41.8769,46.6841,placeholder,SPC-Dupi,
202506,Dupixent-AD,10,40.6953,45.7054,50.7155,placeholder,SPC-Dupi,
202506,Dupixent-AD,11,44.4384,49.5631,54.6877,placeholder,SPC-Dupi,
202506,Dupixent-AD,12,48.3516,53.5121,58.6727,placeholder,SPC-Dupi,
202506,Dupixent-AD,13,52.4868,57.6184,62.7499,placeholder,SPC-Dupi,
202506,Dupixent-AD,14,56.9068,61.9539,67.0010,placeholder,SPC-Dupi,
202506,Dupixent-AD,15,61.7017,66.6041,71.5065,placeholder,SPC-Dupi,
202506,Dupixent-AD,16,67.0105,71.6773,76.3440,placeholder,SPC-Dupi,
202506,Dupixent-AD,17,73.0509,77.3179,81.5849,placeholder,SPC-Dupi,
202506,Dupixent-AD,18,80.1610,83.7230,87.2850,placeholder,SPC-Dupi,
202506,Dupixent-AD,19,87.6001,91.1621,94.7241,placeholder,SPC-Dupi,
202506,Dupixent-AD,20,96.4380,100.0000,103.5620,placeholder,SPC-Dupi,
202506,Dupixent-Asthma,1,4.7843,6.8529,8.9214,placeholder,SPC-Dupi,
202506,Dupixent-Asthma,2,6.9754,9.4306,11.8858,placeholder,SPC-Dupi,
202506,Dupixent-Asthma,3,10.7684,13.3590,15.9495,placeholder,SPC-Dupi,
202506,Dupixent-Asthma,4,15.1218,17.8003,20.4789,placeholder,SPC-Dupi,
202506,Dupixent-Asthma,5,19.3159,22.2802,25.2445,placeholder,SPC-Dupi,
202506,Dupixent-Asthma,6,23.1159,26.5842,30.0524,placeholder,SPC-Dupi,
202506,Dupixent-Asthma,7,26.5622,30.6700,34.7779,placeholder,SPC-Dupi,
202506,Dupixent-Asthma,8,29.8162,34.5955,39.3749,placeholder,SPC-Dupi,
202506,Dupixent-Asthma,9,33.0833,38.4613,43.8393,placeholder,SPC-Dupi,
202506,Dupixent-Asthma,10,36.5536,42.3688,48.1840,placeholder,SPC-Dupi,
202506,Dupixent-Asthma,11,40.3546,46.3942,52.4338,placeholder,SPC-Dupi,
202506,Dupixent-Asthma,12,44.5259,50.5773,56.6288,placeholder,SPC-Dupi,
202506,Dupixent-Asthma,13,49.0235,54.9256,60.8277,placeholder,SPC-Dupi,
202506,Dupixent-Asthma,14,53.7578,59.4341,65.1103,placeholder,SPC-Dupi,
202506,Dupixent-Asthma,15,58.6658,64.1199,69.5739,placeholder,SPC-Dupi,
202506,Dupixent-Asthma,16,63.8146,69.0729,74.3312,placeholder,SPC-Dupi,
202506,Dupixent-Asthma,17,69.5183,74.5213,79.5243,placeholder,SPC-Dupi,
202506,Dupixent-Asthma,18,76.4640,80.9123,85.3605,placeholder,SPC-Dupi,
202506,Dupixent-Asthma,19,84.5603,89.0086,93.4568,placeholder,SPC-Dupi,
202506,Dupixent-Asthma,20,95.5517,100.0000,104.4483,placeholder,SPC-Dupi,
202506,Dupixent-COPD,1,3.5592,5.3547,7.1503,placeholder,SPC-Dupi,
202506,Dupixent-COPD,2,6.6155,8.3372,10.0589,placeholder,SPC-Dupi,
202506,Dupixent-COPD,3,10.7186,12.5015,14.2844,placeholder,SPC-Dupi,
202506,Dupixent-COPD,4,15.1767,17.0711,18.9655,placeholder,SPC-Dupi,
202506,Dupixent-COPD,5,19.4130,21.6236,23.8342,placeholder,SPC-Dupi,
202506,Dupixent-COPD,6,23.2679,25.9892,28.7106,placeholder,SPC-Dupi,
202506,Dupixent-COPD,7,26.8127,30.1636,33.5146,placeholder,SPC-Dupi,
202506,Dupixent-COPD,8,30.2298,34.2352,38.2407,placeholder,SPC-Dupi,
202506,Dupixent-COPD,9,33.7444,38.3279,42.9113,placeholder,SPC-Dupi,
202506,Dupixent-COPD,10,37.5584,42.5576,47.5568,placeholder,SPC-Dupi,
202506,Dupixent-COPD,11,41.7954,47.0045,52.2136,placeholder,SPC-Dupi,
202506,Dupixent-COPD,12,46.4697,51.6992,56.9286,placeholder,SPC-Dupi,
202506,Dupixent-COPD,13,51.4828,56.6237,61.7646,placeholder,SPC-Dupi,
202506,Dupixent-COPD,14,56.6575,61.7277,66.7979,placeholder,SPC-Dupi,
202506,Dupixent-COPD,15,61.8276,66.9590,72.0904,placeholder,SPC-Dupi,
202506,Dupixent-COPD,16,66.9788,72.3085,77.6381,placeholder,SPC-Dupi,
202506,Dupixent-COPD,17,72.3853,77.8706,83.3559,placeholder,SPC-Dupi,
202506,Dupixent-COPD,18,78.7130,83.9180,89.1230,placeholder,SPC-Dupi,
202506,Dupixent-COPD,19,85.7856,90.9905,96.1955,placeholder,SPC-Dupi,
202506,Dupixent-COPD,20,94.7950,100.0000,105.2050,placeholder,SPC-Dupi,
202506,SARCLISA,1,0.0861,0.0861,0.0861,placeholder,SPC-Onco,
202506,SARCLISA,2,20.2555,20.2555,20.2555,placeholder,SPC-Onco,
202506,SARCLISA,3,38.6858,38.6858,38.6858,placeholder,SPC-Onco,
202506,SARCLISA,4,53.8064,53.8064,53.8064,placeholder,SPC-Onco,
202506,SARCLISA,5,65.0908,65.0908,65.0908,placeholder,SPC-Onco,
202506,SARCLISA,6,72.7329,72.7329,72.7329,placeholder,SPC-Onco,
202506,SARCLISA,7,77.3699,77.3699,77.3699,placeholder,SPC-Onco,
202506,SARCLISA,8,79.8505,79.8505,79.8505,placeholder,SPC-Onco,
202506,SARCLISA,9,81.0501,81.0501,81.0501,placeholder,SPC-Onco,
202506,SARCLISA,10,81.7318,81.7318,81.7318,placeholder,SPC-Onco,
202506,SARCLISA,11,82.4530,82.4530,82.4530,placeholder,SPC-Onco,
202506,SARCLISA,12,83.5192,83.5192,83.5192,placeholder,SPC-Onco,
202506,SARCLISA,13,84.9828,84.9828,84.9828,placeholder,SPC-Onco,
202506,SARCLISA,14,86.6891,86.6891,86.6891,placeholder,SPC-Onco,
202506,SARCLISA,15,88.3676,88.3676,88.3676,placeholder,SPC-Onco,
202506,SARCLISA,16,89.7696,89.7696,89.7696,placeholder,SPC-Onco,
202506,SARCLISA,17,90.8525,90.8525,90.8525,placeholder,SPC-Onco,
202506,SARCLISA,18,92.0093,92.0093,92.0093,placeholder,SPC-Onco,
202506,SARCLISA,19,94.3454,94.3454,94.3454,placeholder,SPC-Onco,
202506,SARCLISA,20,100.0000,100.0000,100.0000,placeholder,SPC-Onco,
202506,Aldurazyme,1,0.0000,0.7065,7.4519,placeholder,SPC-RD,
202506,Aldurazyme,2,3.5228,28.5495,53.5762,placeholder,SPC-RD,
202506,Aldurazyme,3,9.5464,32.6725,55.7986,placeholder,SPC-RD,
202506,Aldurazyme,4,11.6984,27.9781,44.2579,placeholder,SPC-RD,
202506,Aldurazyme,5,3.8439,23.1603,42.4767,placeholder,SPC-RD,
202506,Aldurazyme,6,0.0000,22.3388,46.0453,placeholder,SPC-RD,
202506,Aldurazyme,7,2.7750,26.4818,50.1885,placeholder,SPC-RD,
202506,Aldurazyme,8,13.6040,34.6161,55.6283,placeholder,SPC-RD,
202506,Aldurazyme,9,25.3408,44.8251,64.3094,placeholder,SPC-RD,
202506,Aldurazyme,10,34.5306,55.0342,75.5379,placeholder,SPC-RD,
202506,Aldurazyme,11,41.9927,63.5844,85.1760,placeholder,SPC-RD,
202506,Aldurazyme,12,48.8518,69.5927,90.3336,placeholder,SPC-RD,
202506,Aldurazyme,13,54.6886,73.1017,91.5148,placeholder,SPC-RD,
202506,Aldurazyme,14,58.3156,75.0152,91.7149,placeholder,SPC-RD,
202506,Aldurazyme,15,60.4578,76.8229,93.1880,placeholder,SPC-RD,
202506,Aldurazyme,16,64.8245,80.1116,95.3988,placeholder,SPC-RD,
202506,Aldurazyme,17,73.4154,85.8655,98.3155,placeholder,SPC-RD,
202506,Aldurazyme,18,81.4780,93.5525,105.6270,placeholder,SPC-RD,
202506,Aldurazyme,19,87.9255,100.0000,112.0745,placeholder,SPC-RD,
202506,Aldurazyme,20,85.9824,98.0569,110.1315,placeholder,SPC-RD,
202506,Cerezyme,1,6.3021,9.0835,11.8650,placeholder,SPC-RD,
202506,Cerezyme,2,12.7392,17.0213,21.3034,placeholder,SPC-RD,
202506,Cerezyme,3,18.5173,23.3725,28.2277,placeholder,SPC-RD,
202506,Cerezyme,4,23.7081,28.3237,32.9393,placeholder,SPC-RD,
202506,Cerezyme,5,27.9698,32.1920,36.4142,placeholder,SPC-RD,
202506,Cerezyme,6,31.3519,35.3585,39.3650,placeholder,SPC-RD,
202506,Cerezyme,7,34.1022,38.2127,42.3232,placeholder,SPC-RD,
202506,Cerezyme,8,36.6296,41.1081,45.5867,placeholder,SPC-RD,
202506,Cerezyme,9,39.4374,44.3285,49.2196,placeholder,SPC-RD,
202506,Cerezyme,10,42.9358,48.0654,53.1949,placeholder,SPC-RD,
202506,Cerezyme,11,47.3070,52.4065,57.5061,placeholder,SPC-RD,
202506,Cerezyme,12,52.4709,57.3355,62.2001,placeholder,SPC-RD,
202506,Cerezyme,13,58.1468,62.7421,67.3373,placeholder,SPC-RD,
202506,Cerezyme,14,64.0258,68.4436,72.8614,placeholder,SPC-RD,
202506,Cerezyme,15,69.9501,74.2175,78.4849,placeholder,SPC-RD,
202506,Cerezyme,16,75.8757,79.8451,83.8145,placeholder,SPC-RD,
202506,Cerezyme,17,81.6662,85.1655,88.6647,placeholder,SPC-RD,
202506,Cerezyme,18,87.0893,90.1416,93.1938,placeholder,SPC-RD,
202506,Cerezyme,19,91.8840,94.9362,97.9885,placeholder,SPC-RD,
202506,Cerezyme,20,96.9478,100.0000,103.0522,placeholder,SPC-RD,
202506,Fabrazyme,1,5.7408,9.0134,12.2861,placeholder,SPC-RD,
202506,Fabrazyme,2,10.6060,17.2196,23.8333,placeholder,SPC-RD,
202506,Fabrazyme,3,15.6057,22.7624,29.9191,placeholder,SPC-RD,
202506,Fabrazyme,4,20.9525,27.3734,33.7944,placeholder,SPC-RD,
202506,Fabrazyme,5,26.1273,31.9694,37.8116,placeholder,SPC-RD,
202506,Fabrazyme,6,31.0519,36.8976,42.7433,placeholder,SPC-RD,
202506,Fabrazyme,7,35.9694,42.1448,48.3202,placeholder,SPC-RD,
202506,Fabrazyme,8,40.9727,47.5104,54.0480,placeholder,SPC-RD,
202506,Fabrazyme,9,45.9553,52.7428,59.5302,placeholder,SPC-RD,
202506,Fabrazyme,10,50.7845,57.6406,64.4967,placeholder,SPC-RD,
202506,Fabrazyme,11,55.3846,62.1166,68.8485,placeholder,SPC-RD,
202506,Fabrazyme,12,59.7426,66.2262,72.7099,placeholder,SPC-RD,
202506,Fabrazyme,13,63.9290,70.1597,76.3905,placeholder,SPC-RD,
202506,Fabrazyme,14,68.1766,74.1982,80.2198,placeholder,SPC-RD,
202506,Fabrazyme,15,72.9051,78.6330,84.3609,placeholder,SPC-RD,
202506,Fabrazyme,16,78.5246,83.6501,88.7755,placeholder,SPC-RD,
202506,Fabrazyme,17,85.0355,89.1768,93.3180,placeholder,SPC-RD,
202506,Fabrazyme,18,91.6214,94.6936,97.7659,placeholder,SPC-RD,
202506,Fabrazyme,19,95.9371,99.0094,102.0817,placeholder,SPC-RD,
202506,Fabrazyme,20,96.9277,100.0000,103.0723,placeholder,SPC-RD,
202506,Myozyme,1,5.2529,7.3657,9.4785,placeholder,SPC-RD,
202506,Myozyme,2,3.8827,8.4907,13.0986,placeholder,SPC-RD,
202506,Myozyme,3,6.5769,12.0156,17.4542,placeholder,SPC-RD,
202506,Myozyme,4,11.9518,17.0702,22.1886,placeholder,SPC-RD,
202506,Myozyme,5,18.2913,22.9167,27.5421,placeholder,SPC-RD,
202506,Myozyme,6,24.3849,28.9640,33.5431,placeholder,SPC-RD,
202506,Myozyme,7,29.8617,34.7763,39.6908,placeholder,SPC-RD,
202506,Myozyme,8,34.8500,40.0742,45.2984,placeholder,SPC-RD,
202506,Myozyme,9,39.4349,44.7299,50.0250,placeholder,SPC-RD,
202506,Myozyme,10,43.5106,48.7554,54.0002,placeholder,SPC-RD,
202506,Myozyme,11,46.8425,52.2838,57.7250,placeholder,SPC-RD,
202506,Myozyme,12,49.3691,55.5443,61.7195,placeholder,SPC-RD,
202506,Myozyme,13,51.5228,58.8309,66.1390,placeholder,SPC-RD,
202506,Myozyme,14,54.0600,62.4634,70.8668,placeholder,SPC-RD,
202506,Myozyme,15,57.7221,66.7431,75.7640,placeholder,SPC-RD,
202506,Myozyme,16,63.0469,71.9003,80.7537,placeholder,SPC-RD,
202506,Myozyme,17,70.2543,78.0370,85.8198,placeholder,SPC-RD,
202506,Myozyme,18,79.1682,85.0613,90.9544,placeholder,SPC-RD,
202506,Myozyme,19,86.7228,92.6158,98.5089,placeholder,SPC-RD,
202506,Myozyme,20,94.1069,100.0000,105.8931,placeholder,SPC-RD,
202506,Beyfortus,1,18.9064,27.3252,35.7439,placeholder,Vaccine,
202506,Beyfortus,2,21.7297,30.0146,38.2995,placeholder,Vaccine,
202506,Beyfortus,3,25.0440,33.3437,41.6434,placeholder,Vaccine,
202506,Beyfortus,4,28.3796,36.8555,45.3314,placeholder,Vaccine,
202506,Beyfortus,5,31.5748,40.3180,49.0612,placeholder,Vaccine,
202506,Beyfortus,6,34.6646,43.6585,52.6523,placeholder,Vaccine,
202506,Beyfortus,7,37.7449,46.9076,56.0704,placeholder,Vaccine,
202506,Beyfortus,8,40.9123,50.1520,59.3917,placeholder,Vaccine,
202506,Beyfortus,9,44.2405,53.4956,62.7508,placeholder,Vaccine,
202506,Beyfortus,10,47.7636,57.0304,66.2971,placeholder,Vaccine,
202506,Beyfortus,11,51.4729,60.8155,70.1582,placeholder,Vaccine,
202506,Beyfortus,12,55.3363,64.8660,74.3957,placeholder,Vaccine,
202506,Beyfortus,13,59.3349,69.1494,78.9639,placeholder,Vaccine,
202506,Beyfortus,14,63.4855,73.5925,83.6995,placeholder,Vaccine,
202506,Beyfortus,15,67.8344,78.0960,88.3576,placeholder,Vaccine,
202506,Beyfortus,16,72.4464,82.5588,92.6712,placeholder,Vaccine,
202506,Beyfortus,17,77.4347,86.9105,96.3863,placeholder,Vaccine,
202506,Beyfortus,18,83.0799,91.1535,99.2271,placeholder,Vaccine,
202506,Beyfortus,19,87.3401,95.4137,103.4873,placeholder,Vaccine,
202506,Beyfortus,20,91.9264,100.0000,108.0736,placeholder,Vaccine,
202506,Pentaxim,1,0.0000,0.0000,0.0000,placeholder,Vaccine,
202506,Pentaxim,2,0.0000,0.0000,0.0000,placeholder,Vaccine,
202506,Pentaxim,3,0.0000,0.0000,0.0000,placeholder,Vaccine,
202506,Pentaxim,4,0.0000,0.0000,0.0000,placeholder,Vaccine,
202506,Pentaxim,5,0.0000,0.0000,0.0000,placeholder,Vaccine,
202506,Pentaxim,6,0.0000,0.0000,0.0000,placeholder,Vaccine,
202506,Pentaxim,7,0.0000,0.0000,0.0000,placeholder,Vaccine,
202506,Pentaxim,8,0.0000,0.0000,0.0000,placeholder,Vaccine,
202506,Pentaxim,9,0.0000,0.0000,0.0000,placeholder,Vaccine,
202506,Pentaxim,10,0.0000,0.0000,0.0000,placeholder,Vaccine,
202506,Pentaxim,11,0.0000,0.0000,0.0000,placeholder,Vaccine,
202506,Pentaxim,12,0.0000,0.0000,0.0000,placeholder,Vaccine,
202506,Pentaxim,13,0.0000,0.0000,0.0000,placeholder,Vaccine,
202506,Pentaxim,14,0.0000,0.0000,0.0000,placeholder,Vaccine,
202506,Pentaxim,15,0.0000,0.0000,0.0000,placeholder,Vaccine,
202506,Pentaxim,16,0.0000,0.0000,0.0000,placeholder,Vaccine,
202506,Pentaxim,17,0.0000,0.0000,0.0000,placeholder,Vaccine,
202506,Pentaxim,18,0.0000,0.0000,0.0000,placeholder,Vaccine,
202506,Pentaxim,19,0.0000,0.0000,0.0000,placeholder,Vaccine,
202506,Pentaxim,20,0.0000,0.0000,0.0000,placeholder,Vaccine,
202506,Amaryl,1,4.1265,4.8073,5.4880,placeholder,Whale,
202506,Amaryl,2,5.3798,7.0736,8.7673,placeholder,Whale,
202506,Amaryl,3,8.8403,10.6399,12.4394,placeholder,Whale,
202506,Amaryl,4,12.6142,14.5843,16.5544,placeholder,Whale,
202506,Amaryl,5,16.1167,18.4526,20.7886,placeholder,Whale,
202506,Amaryl,6,19.4439,22.1024,24.7609,placeholder,Whale,
202506,Amaryl,7,22.5665,25.5737,28.5809,placeholder,Whale,
202506,Amaryl,8,25.4410,28.9866,32.5322,placeholder,Whale,
202506,Amaryl,9,28.1866,32.4652,36.7439,placeholder,Whale,
202506,Amaryl,10,30.9885,36.0885,41.1885,placeholder,Whale,
202506,Amaryl,11,33.9279,39.8675,45.8071,placeholder,Whale,
202506,Amaryl,12,36.9413,43.7494,50.5574,placeholder,Whale,
202506,Amaryl,13,39.8886,47.6481,55.4077,placeholder,Whale,
202506,Amaryl,14,42.6640,51.5019,60.3398,placeholder,Whale,
202506,Amaryl,15,45.3226,55.3569,65.3911,placeholder,Whale,
202506,Amaryl,16,48.2492,59.4778,70.7063,placeholder,Whale,
202506,Amaryl,17,52.4284,64.4853,76.5422,placeholder,Whale,
202506,Amaryl,18,59.8283,71.5198,83.2114,placeholder,Whale,
202506,Amaryl,19,70.7405,82.4320,94.1236,placeholder,Whale,
202506,Amaryl,20,88.3084,100.0000,111.6916,placeholder,Whale,
202506,Apidra,1,6.4868,7.8227,9.1587,placeholder,Whale,
202506,Apidra,2,11.7471,13.5007,15.2543,placeholder,Whale,
202506,Apidra,3,16.1974,18.2431,20.2888,placeholder,Whale,
202506,Apidra,4,20.4257,22.6660,24.9064,placeholder,Whale,
202506,Apidra,5,24.6745,27.0978,29.5210,placeholder,Whale,
202506,Apidra,6,29.0716,31.6663,34.2610,placeholder,Whale,
202506,Apidra,7,33.6320,36.3741,39.1162,placeholder,Whale,
202506,Apidra,8,38.2909,41.1597,44.0285,placeholder,Whale,
202506,Apidra,9,42.9591,45.9458,48.9325,placeholder,Whale,
202506,Apidra,10,47.5709,50.6743,53.7776,placeholder,Whale,
202506,Apidra,11,52.1103,55.3282,58.5461,placeholder,Whale,
202506,Apidra,12,56.6200,59.9407,63.2613,placeholder,Whale,
202506,Apidra,13,61.1965,64.5898,67.9832,placeholder,Whale,
202506,Apidra,14,65.9748,69.3817,72.7887,placeholder,Whale,
202506,Apidra,15,71.0948,74.4191,77.7434,placeholder,Whale,
202506,Apidra,16,76.6497,79.7574,82.8652,placeholder,Whale,
202506,Apidra,17,82.6181,85.3477,88.0772,placeholder,Whale,
202506,Apidra,18,88.7970,90.9658,93.1346,placeholder,Whale,
202506,Apidra,19,93.9604,96.1293,98.2981,placeholder,Whale,
202506,Apidra,20,97.8312,100.0000,102.1688,placeholder,Whale,
202506,Aubagio,1,2.5219,4.4299,6.3378,placeholder,Whale,
202506,Aubagio,2,6.4732,9.2590,12.0449,placeholder,Whale,
202506,Aubagio,3,11.5665,14.7906,18.0148,placeholder,Whale,
202506,Aubagio,4,17.1833,20.6160,24.0486,placeholder,Whale,
202506,Aubagio,5,22.9440,26.4644,29.9848,placeholder,Whale,
202506,Aubagio,6,28.6658,32.1758,35.6858,placeholder,Whale,
202506,Aubagio,7,34.2002,37.6756,41.1509,placeholder,Whale,
202506,Aubagio,8,39.4388,42.9515,46.4641,placeholder,Whale,
202506,Aubagio,9,44.3902,48.0336,51.6770,placeholder,Whale,
202506,Aubagio,10,49.1856,52.9763,56.7670,placeholder,Whale,
202506,Aubagio,11,53.9911,57.8425,61.6939,placeholder,Whale,
202506,Aubagio,12,58.9217,62.6905,66.4594,placeholder,Whale,
202506,Aubagio,13,64.0095,67.5635,71.1175,placeholder,Whale,
202506,Aubagio,14,69.2133,72.4807,75.7482,placeholder,Whale,
202506,Aubagio,15,74.4511,77.4318,80.4125,placeholder,Whale,
202506,Aubagio,16,79.6344,82.3730,85.1117,placeholder,Whale,
202506,Aubagio,17,84.6903,87.2262,89.7622,placeholder,Whale,
202506,Aubagio,18,89.6117,91.8799,94.1480,placeholder,Whale,
202506,Aubagio,19,93.9246,96.1928,98.4609,placeholder,Whale,
202506,Aubagio,20,97.7319,100.0000,102.2681,placeholder,Whale,
202506,Clexane,1,6.1008,7.2649,8.4289,placeholder,Whale,
202506,Clexane,2,5.9375,7.5853,9.2332,placeholder,Whale,
202506,Clexane,3,8.8321,10.8834,12.9348,placeholder,Whale,
202506,Clexane,4,12.8572,15.1192,17.3813,placeholder,Whale,
202506,Clexane,5,16.6865,19.2550,21.8236,placeholder,Whale,
202506,Clexane,6,19.9890,22.9315,25.8740,placeholder,Whale,
202506,Clexane,7,22.8203,26.1969,29.5736,placeholder,Whale,
202506,Clexane,8,25.3857,29.2892,33.1927,placeholder,Whale,
202506,Clexane,9,27.9525,32.4706,36.9887,placeholder,Whale,
202506,Clexane,10,30.7329,35.9155,41.0981,placeholder,Whale,
202506,Clexane,11,33.7785,39.6509,45.5232,placeholder,Whale,
202506,Clexane,12,36.9513,43.5498,50.1483,placeholder,Whale,
202506,Clexane,13,39.9809,47.3775,54.7741,placeholder,Whale,
202506,Clexane,14,42.5917,50.8905,59.1893,placeholder,Whale,
202506,Clexane,15,44.6898,53.9884,63.2870,placeholder,Whale,
202506,Clexane,16,46.6300,56.9188,67.2076,placeholder,Whale,
202506,Clexane,17,49.5875,60.5349,71.4824,placeholder,Whale,
202506,Clexane,18,56.0333,66.6057,77.1781,placeholder,Whale,
202506,Clexane,19,67.6071,78.1795,88.7519,placeholder,Whale,
202506,Clexane,20,89.4276,100.0000,110.5724,placeholder,Whale,
202506,Cordarone,1,4.2996,5.2371,6.1747,placeholder,Whale,
202506,Cordarone,2,6.5124,7.7823,9.0522,placeholder,Whale,
202506,Cordarone,3,8.0537,10.0164,11.9791,placeholder,Whale,
202506,Cordarone,4,10.9562,13.7692,16.5822,placeholder,Whale,
202506,Cordarone,5,16.2820,19.6539,23.0258,placeholder,Whale,
202506,Cordarone,6,23.8994,27.4667,31.0340,placeholder,Whale,
202506,Cordarone,7,32.7652,36.5269,40.2886,placeholder,Whale,
202506,Cordarone,8,41.6397,45.9583,50.2768,placeholder,Whale,
202506,Cordarone,9,49.7725,54.9111,60.0498,placeholder,Whale,
202506,Cordarone,10,56.8830,62.7256,68.5682,placeholder,Whale,
202506,Cordarone,11,62.9039,69.0356,75.1674,placeholder,Whale,
202506,Cordarone,12,67.9164,73.8143,79.7121,placeholder,Whale,
202506,Cordarone,13,72.1436,77.3596,82.5756,placeholder,Whale,
202506,Cordarone,14,75.9240,80.2220,84.5201,placeholder,Whale,
202506,Cordarone,15,79.6726,83.0720,86.4714,placeholder,Whale,
202506,Cordarone,16,83.8308,86.5095,89.1882,placeholder,Whale,
202506,Cordarone,17,88.6804,90.8134,92.9464,placeholder,Whale,
202506,Cordarone,18,93.8946,95.6330,97.3714,placeholder,Whale,
202506,Cordarone,19,97.8814,99.6197,101.3581,placeholder,Whale,
202506,Cordarone,20,98.2616,100.0000,101.7384,placeholder,Whale,
202506,Depakine,1,6.6854,8.3651,10.0449,placeholder,Whale,
202506,Depakine,2,11.6415,13.4994,15.3574,placeholder,Whale,
202506,Depakine,3,15.8531,17.7447,19.6364,placeholder,Whale,
202506,Depakine,4,19.5842,21.9829,24.3815,placeholder,Whale,
202506,Depakine,5,23.4938,26.6407,29.7876,placeholder,Whale,
202506,Depakine,6,28.1967,31.8272,35.4576,placeholder,Whale,
202506,Depakine,7,33.7599,37.4504,41.1409,placeholder,Whale,
202506,Depakine,8,39.9254,43.3151,46.7048,placeholder,Whale,
202506,Depakine,9,46.2918,49.1996,52.1075,placeholder,Whale,
202506,Depakine,10,52.4280,54.9142,57.4005,placeholder,Whale,
202506,Depakine,11,57.9948,60.3386,62.6825,placeholder,Whale,
202506,Depakine,12,62.9308,65.4402,67.9497,placeholder,Whale,
202506,Depakine,13,67.4606,70.2724,73.0842,placeholder,Whale,
202506,Depakine,14,71.8878,74.9529,78.0181,placeholder,Whale,
202506,Depakine,15,76.4796,79.6227,82.7658,placeholder,Whale,
202506,Depakine,16,81.4147,84.3848,87.3549,placeholder,Whale,
202506,Depakine,17,86.6946,89.2231,91.7516,placeholder,Whale,
202506,Depakine,18,92.0291,93.9022,95.7754,placeholder,Whale,
202506,Depakine,19,95.9734,97.8466,99.7197,placeholder,Whale,
202506,Depakine,20,98.1269,100.0000,101.8731,placeholder,Whale,
202506,Digoxin,1,6.6423,7.9201,9.1979,placeholder,Whale,
202506,Digoxin,2,10.6233,12.9834,15.3436,placeholder,Whale,
202506,Digoxin,3,14.7242,17.5764,20.4285,placeholder,Whale,
202506,Digoxin,4,19.2618,22.1576,25.0533,placeholder,Whale,
202506,Digoxin,5,24.2217,26.9545,29.6872,placeholder,Whale,
202506,Digoxin,6,29.5414,32.0311,34.5208,placeholder,Whale,
202506,Digoxin,7,35.0930,37.3464,39.5997,placeholder,Whale,
202506,Digoxin,8,40.6978,42.8026,44.9073,placeholder,Whale,
202506,Digoxin,9,46.1994,48.2846,50.3698,placeholder,Whale,
202506,Digoxin,10,51.5324,53.6894,55.8464,placeholder,Whale,
202506,Digoxin,11,56.7046,58.9453,61.1860,placeholder,Whale,
202506,Digoxin,12,61.7386,64.0227,66.3067,placeholder,Whale,
202506,Digoxin,13,66.6415,68.9343,71.2271,placeholder,Whale,
202506,Digoxin,14,71.4094,73.7262,76.0430,placeholder,Whale,
202506,Digoxin,15,76.0598,78.4589,80.8581,placeholder,Whale,
202506,Digoxin,16,80.6661,83.1794,85.6928,placeholder,Whale,
202506,Digoxin,17,85.3387,87.8828,90.4268,placeholder,Whale,
202506,Digoxin,18,90.1589,92.4649,94.7710,placeholder,Whale,
202506,Digoxin,19,94.3592,96.6653,98.9714,placeholder,Whale,
202506,Digoxin,20,97.6939,100.0000,102.3061,placeholder,Whale,
202506,Eloxatin,1,6.3273,7.5529,8.7785,placeholder,Whale,
202506,Eloxatin,2,10.5552,12.6421,14.7290,placeholder,Whale,
202506,Eloxatin,3,14.9865,17.4771,19.9678,placeholder,Whale,
202506,Eloxatin,4,19.7304,22.2432,24.7559,placeholder,Whale,
202506,Eloxatin,5,24.6209,27.0302,29.4394,placeholder,Whale,
202506,Eloxatin,6,29.5699,31.8602,34.1506,placeholder,Whale,
202506,Eloxatin,7,34.5079,36.7117,38.9155,placeholder,Whale,
202506,Eloxatin,8,39.3390,41.5400,43.7410,placeholder,Whale,
202506,Eloxatin,9,43.9574,46.2948,48.6323,placeholder,Whale,
202506,Eloxatin,10,48.2977,50.9348,53.5720,placeholder,Whale,
202506,Eloxatin,11,52.3607,55.4381,58.5155,placeholder,Whale,
202506,Eloxatin,12,56.2035,59.8099,63.4163,placeholder,Whale,
202506,Eloxatin,13,59.9297,64.0869,68.2442,placeholder,Whale,
202506,Eloxatin,14,63.6866,68.3384,72.9901,placeholder,Whale,
202506,Eloxatin,15,67.6618,72.6636,77.6654,placeholder,Whale,
202506,Eloxatin,16,72.0738,77.1864,82.2990,placeholder,Whale,
202506,Eloxatin,17,77.1688,82.0464,86.9240,placeholder,Whale,
202506,Eloxatin,18,83.2367,87.3865,91.5364,placeholder,Whale,
202506,Eloxatin,19,89.1878,93.3377,97.4875,placeholder,Whale,
202506,Eloxatin,20,95.8501,100.0000,104.1499,placeholder,Whale,
202506,Fludara,1,7.3868,11.6265,15.8662,placeholder,Whale,
202506,Fludara,2,9.3640,12.9630,16.5621,placeholder,Whale,
202506,Fludara,3,13.2680,17.7404,22.2128,placeholder,Whale,
202506,Fludara,4,17.5234,23.0828,28.6423,placeholder,Whale,
202506,Fludara,5,21.6628,27.6969,33.7311,placeholder,Whale,
202506,Fludara,6,25.5241,31.3575,37.1908,placeholder,Whale,
202506,Fludara,7,28.8887,34.4710,40.0534,placeholder,Whale,
202506,Fludara,8,31.9130,37.7171,43.5213,placeholder,Whale,
202506,Fludara,9,35.5400,41.7668,47.9935,placeholder,Whale,
202506,Fludara,10,40.7530,47.0792,53.4054,placeholder,Whale,
202506,Fludara,11,47.6463,53.7755,59.9048,placeholder,Whale,
202506,Fludara,12,55.1926,61.5906,67.9887,placeholder,Whale,
202506,Fludara,13,62.1711,69.9024,77.6337,placeholder,Whale,
202506,Fludara,14,68.3480,77.8384,87.3288,placeholder,Whale,
202506,Fludara,15,73.9359,84.4608,94.9857,placeholder,Whale,
202506,Fludara,16,79.0246,89.0283,99.0319,placeholder,Whale,
202506,Fludara,17,83.5263,91.3356,99.1449,placeholder,Whale,
202506,Fludara,18,87.1267,92.1315,97.1363,placeholder,Whale,
202506,Fludara,19,88.6085,93.6134,98.6182,placeholder,Whale,
202506,Fludara,20,94.9952,100.0000,105.0048,placeholder,Whale,
202506,Imovane,1,8.7684,13.6598,18.5511,placeholder,Whale,
202506,Imovane,2,11.2641,15.0558,18.8475,placeholder,Whale,
202506,Imovane,3,14.8596,18.5389,22.2182,placeholder,Whale,
202506,Imovane,4,19.3374,22.9443,26.5511,placeholder,Whale,
202506,Imovane,5,24.1326,27.6349,31.1372,placeholder,Whale,
202506,Imovane,6,28.8424,32.3470,35.8515,placeholder,Whale,
202506,Imovane,7,33.2487,37.0564,40.8641,placeholder,Whale,
202506,Imovane,8,37.4937,41.8672,46.2408,placeholder,Whale,
202506,Imovane,9,41.9787,46.9217,51.8647,placeholder,Whale,
202506,Imovane,10,47.0289,52.3318,57.6346,placeholder,Whale,
202506,Imovane,11,52.6933,58.1321,63.5709,placeholder,Whale,
202506,Imovane,12,58.7081,64.2550,69.8020,placeholder,Whale,
202506,Imovane,13,64.6538,70.5268,76.3998,placeholder,Whale,
202506,Imovane,14,70.2675,76.6856,83.1038,placeholder,Whale,
202506,Imovane,15,75.5645,82.4210,89.2774,placeholder,Whale,
202506,Imovane,16,80.6725,87.4350,94.1976,placeholder,Whale,
202506,Imovane,17,85.6643,91.5253,97.3862,placeholder,Whale,
202506,Imovane,18,90.4906,94.6888,98.8871,placeholder,Whale,
202506,Imovane,19,93.0502,97.2484,101.4467,placeholder,Whale,
202506,Imovane,20,95.8018,100.0000,104.1982,placeholder,Whale,
202506,No-Spa,1,1.8962,2.8427,3.7891,placeholder,Whale,
202506,No-Spa,2,2.9375,4.8859,6.8343,placeholder,Whale,
202506,No-Spa,3,3.3337,5.5290,7.7243,placeholder,Whale,
202506,No-Spa,4,5.7397,7.7454,9.7512,placeholder,Whale,
202506,No-Spa,5,10.3553,12.7381,15.1208,placeholder,Whale,
202506,No-Spa,6,17.2972,20.4936,23.6899,placeholder,Whale,
202506,No-Spa,7,26.2941,30.2566,34.2191,placeholder,Whale,
202506,No-Spa,8,36.4282,40.9245,45.4207,placeholder,Whale,
202506,No-Spa,9,46.5605,51.3615,56.1626,placeholder,Whale,
202506,No-Spa,10,55.6651,60.6343,65.6034,placeholder,Whale,
202506,No-Spa,11,63.0554,68.1659,73.2764,placeholder,Whale,
202506,No-Spa,12,68.5371,73.8118,79.0865,placeholder,Whale,
202506,No-Spa,13,72.4547,77.8544,83.2541,placeholder,Whale,
202506,No-Spa,14,75.5840,80.9189,86.2538,placeholder,Whale,
202506,No-Spa,15,78.8830,83.8085,88.7339,placeholder,Whale,
202506,No-Spa,16,83.1435,87.2602,91.3769,placeholder,Whale,
202506,No-Spa,17,88.5549,91.6208,94.6868,placeholder,Whale,
202506,No-Spa,18,94.2658,96.4427,98.6197,placeholder,Whale,
202506,No-Spa,19,97.8230,100.0000,102.1770,placeholder,Whale,
202506,No-Spa,20,96.5479,98.7248,100.9018,placeholder,Whale,
202506,Plaquenil,1,5.5679,6.4989,7.4299,placeholder,Whale,
202506,Plaquenil,2,9.0512,10.8485,12.6457,placeholder,Whale,
202506,Plaquenil,3,12.7532,14.8365,16.9198,placeholder,Whale,
202506,Plaquenil,4,16.7124,18.8962,21.0799,placeholder,Whale,
202506,Plaquenil,5,20.9158,23.2709,25.6260,placeholder,Whale,
202506,Plaquenil,6,25.5131,28.0543,30.5956,placeholder,Whale,
202506,Plaquenil,7,30.5362,33.2274,35.9185,placeholder,Whale,
202506,Plaquenil,8,35.8654,38.6925,41.5195,placeholder,Whale,
202506,Plaquenil,9,41.3240,44.3051,47.2862,placeholder,Whale,
202506,Plaquenil,10,46.7451,49.9026,53.0600,placeholder,Whale,
202506,Plaquenil,11,51.9826,55.3301,58.6775,placeholder,Whale,
202506,Plaquenil,12,56.9093,60.4638,64.0183,placeholder,Whale,
202506,Plaquenil,13,61.4337,65.2316,69.0295,placeholder,Whale,
202506,Plaquenil,14,65.5295,69.6303,73.7311,placeholder,Whale,
202506,Plaquenil,15,69.2624,73.7410,78.2197,placeholder,Whale,
202506,Plaquenil,16,72.8258,77.7412,82.6565,placeholder,Whale,
202506,Plaquenil,17,76.6273,81.9136,87.2000,placeholder,Whale,
202506,Plaquenil,18,81.4292,86.6538,91.8784,placeholder,Whale,
202506,Plaquenil,19,87.2485,92.4731,97.6976,placeholder,Whale,
202506,Plaquenil,20,94.7754,100.0000,105.2246,placeholder,Whale,
202506,RENVELA,1,5.7689,6.4947,7.2205,placeholder,Whale,
202506,RENVELA,2,10.7442,12.0495,13.3549,placeholder,Whale,
202506,RENVELA,3,15.4890,17.1807,18.8723,placeholder,Whale,
202506,RENVELA,4,20.1188,22.0314,23.9440,placeholder,Whale,
202506,RENVELA,5,24.6493,26.7024,28.7556,placeholder,Whale,
202506,RENVELA,6,29.0773,31.2584,33.4394,placeholder,Whale,
202506,RENVELA,7,33.3619,35.7346,38.1072,placeholder,Whale,
202506,RENVELA,8,37.4645,40.1447,42.8248,placeholder,Whale,
202506,RENVELA,9,41.3930,44.4882,47.5834,placeholder,Whale,
202506,RENVELA,10,45.1951,48.7587,52.3223,placeholder,Whale,
202506,RENVELA,11,48.9277,52.9523,56.9770,placeholder,Whale,
202506,RENVELA,12,52.6405,57.0766,61.5128,placeholder,Whale,
202506,RENVELA,13,56.3790,61.1600,65.9411,placeholder,Whale,
202506,RENVELA,14,60.2009,65.2613,70.3216,placeholder,Whale,
202506,RENVELA,15,64.2060,69.4798,74.7536,placeholder,Whale,
202506,RENVELA,16,68.5808,73.9659,79.3510,placeholder,Whale,
202506,RENVELA,17,73.6561,78.9320,84.2079,placeholder,Whale,
202506,RENVELA,18,79.9665,84.6634,89.3602,placeholder,Whale,
202506,RENVELA,19,86.8335,91.5303,96.2272,placeholder,Whale,
202506,RENVELA,20,95.3032,100.0000,104.6968,placeholder,Whale,
202506,Rilutek,1,1.8482,5.0074,8.1666,placeholder,Whale,
202506,Rilutek,2,6.4694,10.2030,13.9366,placeholder,Whale,
202506,Rilutek,3,8.4373,13.2821,18.1269,placeholder,Whale,
202506,Rilutek,4,9.7237,15.6990,21.6742,placeholder,Whale,
202506,Rilutek,5,11.4704,18.4453,25.4201,placeholder,Whale,
202506,Rilutek,6,14.5591,22.1137,29.6683,placeholder,Whale,
202506,Rilutek,7,19.3572,26.9621,34.5669,placeholder,Whale,
202506,Rilutek,8,25.8615,32.9767,40.0919,placeholder,Whale,
202506,Rilutek,9,33.7989,39.9366,46.0744,placeholder,Whale,
202506,Rilutek,10,42.5420,47.4773,52.4126,placeholder,Whale,
202506,Rilutek,11,50.8475,55.1545,59.4616,placeholder,Whale,
202506,Rilutek,12,57.3801,62.5084,67.6367,placeholder,Whale,
202506,Rilutek,13,62.3746,69.1271,75.8796,placeholder,Whale,
202506,Rilutek,14,66.7040,74.7113,82.7186,placeholder,Whale,
202506,Rilutek,15,70.9859,79.1377,87.2895,placeholder,Whale,
202506,Rilutek,16,75.5278,82.5233,89.5188,placeholder,Whale,
202506,Rilutek,17,79.9742,85.2898,90.6053,placeholder,Whale,
202506,Rilutek,18,83.2769,88.2268,93.1768,placeholder,Whale,
202506,Rilutek,19,87.6072,92.5571,97.5071,placeholder,Whale,
202506,Rilutek,20,95.0501,100.0000,104.9499,placeholder,Whale,
202506,Solian,1,12.1558,13.8675,15.5792,placeholder,Whale,
202506,Solian,2,20.0466,22.2816,24.5166,placeholder,Whale,
202506,Solian,3,26.4557,29.1656,31.8756,placeholder,Whale,
202506,Solian,4,32.1686,35.2113,38.2540,placeholder,Whale,
202506,Solian,5,37.3916,40.8185,44.2454,placeholder,Whale,
202506,Solian,6,42.3616,46.1776,49.9936,placeholder,Whale,
202506,Solian,7,47.2248,51.3411,55.4574,placeholder,Whale,
202506,Solian,8,52.0048,56.2830,60.5612,placeholder,Whale,
202506,Solian,9,56.6599,60.9470,65.2342,placeholder,Whale,
202506,Solian,10,61.1400,65.2834,69.4269,placeholder,Whale,
202506,Solian,11,65.4146,69.2740,73.1334,placeholder,Whale,
202506,Solian,12,69.4727,72.9455,76.4184,placeholder,Whale,
202506,Solian,13,73.3129,76.3724,79.4318,placeholder,Whale,
202506,Solian,14,76.9437,79.6665,82.3894,placeholder,Whale,
202506,Solian,15,80.4254,82.9570,85.4886,placeholder,Whale,
202506,Solian,16,83.9233,86.3573,88.7913,placeholder,Whale,
202506,Solian,17,87.6494,89.9215,92.1937,placeholder,Whale,
202506,Solian,18,91.7047,93.5887,95.4727,placeholder,Whale,
202506,Solian,19,95.2320,97.1160,98.9999,placeholder,Whale,
202506,Solian,20,98.1160,100.0000,101.8840,placeholder,Whale,
202506,Stilnox,1,5.9031,8.0907,10.2782,placeholder,Whale,
202506,Stilnox,2,10.5039,13.7504,16.9970,placeholder,Whale,
202506,Stilnox,3,14.2318,18.4985,22.7651,placeholder,Whale,
202506,Stilnox,4,18.2200,23.2282,28.2364,placeholder,Whale,
202506,Stilnox,5,22.9175,28.3457,33.7738,placeholder,Whale,
202506,Stilnox,6,28.3822,33.9223,39.4623,placeholder,Whale,
202506,Stilnox,7,34.4212,39.8248,45.2285,placeholder,Whale,
202506,Stilnox,8,40.7307,45.8232,50.9157,placeholder,Whale,
202506,Stilnox,9,47.0139,51.6754,56.3368,placeholder,Whale,
202506,Stilnox,10,53.0525,57.1899,61.3273,placeholder,Whale,
202506,Stilnox,11,58.7293,62.2657,65.8021,placeholder,Whale,
202506,Stilnox,12,64.0146,66.9099,69.8052,placeholder,Whale,
202506,Stilnox,13,68.9315,71.2319,73.5323,placeholder,Whale,
202506,Stilnox,14,73.5274,75.4164,77.3054,placeholder,Whale,
202506,Stilnox,15,77.9116,79.6725,81.4333,placeholder,Whale,
202506,Stilnox,16,82.3247,84.1611,85.9976,placeholder,Whale,
202506,Stilnox,17,86.9674,88.8998,90.8321,placeholder,Whale,
202506,Stilnox,18,91.7714,93.6442,95.5170,placeholder,Whale,
202506,Stilnox,19,95.8753,97.7481,99.6209,placeholder,Whale,
202506,Stilnox,20,98.1272,100.0000,101.8728,placeholder,Whale,
202506,Targocid,1,7.3151,9.9313,12.5475,placeholder,Whale,
202506,Targocid,2,11.5563,14.5974,17.6385,placeholder,Whale,
202506,Targocid,3,15.2902,18.4316,21.5730,placeholder,Whale,
202506,Targocid,4,19.1896,22.3982,25.6067,placeholder,Whale,
202506,Targocid,5,23.6341,26.9235,30.2130,placeholder,Whale,
202506,Targocid,6,28.7463,32.0596,35.3730,placeholder,Whale,
202506,Targocid,7,34.2772,37.6254,40.9736,placeholder,Whale,
202506,Targocid,8,39.7911,43.3255,46.8598,placeholder,Whale,
202506,Targocid,9,44.9601,48.8465,52.7328,placeholder,Whale,
202506,Targocid,10,49.6755,53.9312,58.1868,placeholder,Whale,
202506,Targocid,11,53.9612,58.4299,62.8985,placeholder,Whale,
202506,Targocid,12,57.8927,62.3294,66.7661,placeholder,Whale,
202506,Targocid,13,61.5692,65.7599,69.9506,placeholder,Whale,
202506,Targocid,14,65.1079,68.9791,72.8503,placeholder,Whale,
202506,Targocid,15,68.6786,72.3338,75.9890,placeholder,Whale,
202506,Targocid,16,72.5983,76.1994,79.8005,placeholder,Whale,
202506,Targocid,17,77.3524,80.8970,84.4416,placeholder,Whale,
202506,Targocid,18,83.4082,86.5874,89.7666,placeholder,Whale,
202506,Targocid,19,89.9643,93.1435,96.3227,placeholder,Whale,
202506,Targocid,20,96.8208,100.0000,103.1792,placeholder,Whale,
202506,Taxotere,1,4.3157,6.0191,7.7225,placeholder,Whale,
202506,Taxotere,2,6.4116,8.9636,11.5156,placeholder,Whale,
202506,Taxotere,3,8.3160,11.9292,15.5425,placeholder,Whale,
202506,Taxotere,4,10.8619,15.4732,20.0845,placeholder,Whale,
202506,Taxotere,5,14.2376,19.7546,25.2715,placeholder,Whale,
202506,Taxotere,6,18.3990,24.6704,30.9418,placeholder,Whale,
202506,Taxotere,7,23.1084,29.9721,36.8358,placeholder,Whale,
202506,Taxotere,8,28.0414,35.3611,42.6808,placeholder,Whale,
202506,Taxotere,9,32.8938,40.5649,48.2359,placeholder,Whale,
202506,Taxotere,10,37.4476,45.3923,53.3370,placeholder,Whale,
202506,Taxotere,11,41.5993,49.7696,57.9399,placeholder,Whale,
202506,Taxotere,12,45.3707,53.7555,62.1403,placeholder,Whale,
202506,Taxotere,13,48.9193,57.5366,66.1539,placeholder,Whale,
202506,Taxotere,14,52.5490,61.4024,70.2559,placeholder,Whale,
202506,Taxotere,15,56.6967,65.7005,74.7044,placeholder,Whale,
202506,Taxotere,16,61.8715,70.7713,79.6711,placeholder,Whale,
202506,Taxotere,17,68.5509,76.8626,85.1744,placeholder,Whale,
202506,Taxotere,18,77.0602,84.0248,90.9894,placeholder,Whale,
202506,Taxotere,19,85.0200,91.9847,98.9493,placeholder,Whale,
202506,Taxotere,20,93.0354,100.0000,106.9646,placeholder,Whale,
202506,Tritace,1,5.5299,7.5658,9.6017,placeholder,Whale,
202506,Tritace,2,10.9863,13.5800,16.1738,placeholder,Whale,
202506,Tritace,3,15.5233,18.6712,21.8190,placeholder,Whale,
202506,Tritace,4,19.6770,23.1843,26.6916,placeholder,Whale,
202506,Tritace,5,23.5242,27.4358,31.3474,placeholder,Whale,
202506,Tritace,6,27.4303,31.6934,35.9565,placeholder,Whale,
202506,Tritace,7,31.6411,36.1619,40.6827,placeholder,Whale,
202506,Tritace,8,36.2627,40.9738,45.6848,placeholder,Whale,
202506,Tritace,9,41.3739,46.1851,50.9963,placeholder,Whale,
202506,Tritace,10,47.0494,51.7772,56.5050,placeholder,Whale,
202506,Tritace,11,53.2885,57.6630,62.0374,placeholder,Whale,
202506,Tritace,12,59.9379,63.6988,67.4598,placeholder,Whale,
202506,Tritace,13,66.6528,69.7020,72.7512,placeholder,Whale,
202506,Tritace,14,72.9291,75.4727,78.0163,placeholder,Whale,
202506,Tritace,15,78.3790,80.8221,83.2653,placeholder,Whale,
202506,Tritace,16,83.0953,85.6052,88.1151,placeholder,Whale,
202506,Tritace,17,87.3693,89.7591,92.1490,placeholder,Whale,
202506,Tritace,18,91.3533,93.3466,95.3399,placeholder,Whale,
202506,Tritace,19,94.6117,96.6049,98.5982,placeholder,Whale,
202506,Tritace,20,98.0067,100.0000,101.9933,placeholder,Whale,
202506,Xatral,1,2.2541,5.0831,7.9120,placeholder,Whale,
202506,Xatral,2,1.3162,6.7401,12.1641,placeholder,Whale,
202506,Xatral,3,6.0366,11.8794,17.7222,placeholder,Whale,
202506,Xatral,4,13.5984,18.7293,23.8602,placeholder,Whale,
202506,Xatral,5,21.6318,26.0602,30.4886,placeholder,Whale,
202506,Xatral,6,28.5908,33.0928,37.5947,placeholder,Whale,
202506,Xatral,7,34.2319,39.4116,44.5912,placeholder,Whale,
202506,Xatral,8,39.0487,44.8842,50.7197,placeholder,Whale,
202506,Xatral,9,43.4917,49.5863,55.6809,placeholder,Whale,
202506,Xatral,10,47.8570,53.7322,59.6074,placeholder,Whale,
202506,Xatral,11,52.2945,57.6108,62.9271,placeholder,Whale,
202506,Xatral,12,56.8040,61.5278,66.2516,placeholder,Whale,
202506,Xatral,13,61.3288,65.7529,70.1770,placeholder,Whale,
202506,Xatral,14,66.0040,70.4730,74.9420,placeholder,Whale,
202506,Xatral,15,71.1554,75.7508,80.3461,placeholder,Whale,
202506,Xatral,16,76.8917,81.4893,86.0869,placeholder,Whale,
202506,Xatral,17,82.8556,87.4020,91.9483,placeholder,Whale,
202506,Xatral,18,88.5252,92.9880,97.4507,placeholder,Whale,
202506,Xatral,19,93.0510,97.5138,101.9766,placeholder,Whale,
202506,Xatral,20,95.5372,100.0000,104.4628,placeholder,Whale,
202506,Zenon,1,3.0040,4.7641,6.5241,placeholder,Whale,
202506,Zenon,2,4.3765,8.2896,12.2027,placeholder,Whale,
202506,Zenon,3,8.7993,13.0095,17.2198,placeholder,Whale,
202506,Zenon,4,14.7927,18.6059,22.4190,placeholder,Whale,
202506,Zenon,5,20.5576,24.7498,28.9421,placeholder,Whale,
202506,Zenon,6,26.0603,31.1317,36.2032,placeholder,Whale,
202506,Zenon,7,31.7195,37.4848,43.2501,placeholder,Whale,
202506,Zenon,8,37.5367,43.6021,49.6675,placeholder,Whale,
202506,Zenon,9,43.3111,49.3472,55.3833,placeholder,Whale,
202506,Zenon,10,48.8433,54.6586,60.4739,placeholder,Whale,
202506,Zenon,11,54.0200,59.5471,65.0742,placeholder,Whale,
202506,Zenon,12,58.8264,64.0877,69.3490,placeholder,Whale,
202506,Zenon,13,63.3381,68.4038,73.4694,placeholder,Whale,
202506,Zenon,14,67.7315,72.6461,77.5608,placeholder,Whale,
202506,Zenon,15,72.2766,76.9647,81.6528,placeholder,Whale,
202506,Zenon,16,77.2465,81.4739,85.7014,placeholder,Whale,
202506,Zenon,17,82.7372,86.2122,89.6872,placeholder,Whale,
202506,Zenon,18,88.4421,91.0941,93.7460,placeholder,Whale,
202506,Zenon,19,93.2049,95.8568,98.5088,placeholder,Whale,
202506,Zenon,20,97.3481,100.0000,102.6519,placeholder,Whale,